time,frequency
1444096814.05,20.3105899974
1444096880.91,16.7685768294
1444096898.99,20.2653128852
1444096917.7,16.6672221611
1444096935.64,20.3666675535
1444096956.45,16.5081347379
1444096974.11,20.2539112094
1444096995.24,16.6006230459
1444097013.47,20.1460081834
1444097034.35,16.8308061473
1444097052.07,22.2801117818
1444097073.11,16.4589985134
1444097091.34,21.7107813424
1444097111.68,16.3485239532
1444097129.12,21.241972539
1444097149.54,16.4893426175
1444097167.47,20.7725769912
1444097187.53,17.9562037044
1444097262.35,16.3494113136
1444097280.66,19.9868791087
1444097302.18,17.2154750743
1444097320.33,19.5662195677
1444097339.73,17.3709388073
1444097358.12,21.3382294123
1444097377.07,16.7957554111
1444097394.6,22.6065825425
1448508618.22,18.0332798437
1448508636.12,21.1519278144
1448508657.77,18.0784776404
1448508675.52,21.1067300178
1448508720.81,17.921119318
1448508739.13,20.9213068033
1448508761.47,17.8712823165
1448508779.86,21.0807852078
1448508802.41,17.5099654917
1448508820.76,22.2476959167
1448508841.07,17.5293031669
1448508873.81,21.002271835
1448508889.97,17.4585395052
1448508910.3,21.1099840639
1448508929.45,16.7476387947
1448508947.59,20.3342952515
1448508968.82,16.8022987317
1448508986.92,20.6477860669
1448509030.05,17.1747671598
1448509048.49,20.3572156789
1448509068.36,19.7271335895
1448509086.5,20.6775964023
1448509108.74,17.503105727
1448509146.87,16.7394283209
1448509177.91,21.3888760578
1448509139.67,21.5939068022
1448508798.49,20.5413786143
1448508836.86,21.544135829
1448509325.76,17.0481392626
1448509344.02,19.9098625629
1448509364.39,16.9272213767
1448509382.07,20.1113923728
1448509402.49,17.0078333006
1448509440.07,16.8490510639
1448509457.94,22.2955922607
1448509479.24,16.9045148235
1448509497.19,22.2623140049
1448509517.89,16.8897833389
1448509535.87,21.2388999847
1448509558.76,16.8240536163
1448509576.09,21.0198009094
1448509618.92,18.025853097
1448509664.87,17.9548870443
1448509682.96,21.6214664343
1448509704.82,17.3516755963
1448509735.9,17.522677372
1448509753.27,21.5562132637
1448509775.72,17.474080554
1448509794.15,20.9609022435
1448509815.99,17.485295954
1448509833.48,21.6605783737
1448509848.96,21.4860488835
1448509855.89,17.3241918092
1448509873.39,20.3448945244
1448509895.55,17.418169227
1448510072.2,17.023333383
1448510090.48,20.8978167807
1448510112.09,20.1131112824
1448510130.54,20.2234604931
1448510152.39,17.3126079935
1448510169.98,20.2842428534
1448510191.41,17.346896088
1448510209.36,20.5128301503
1448510230.5,19.6577663375
1448510248.28,20.992412002
1448510269.24,19.1082063579
1448510287.34,20.1063867289
1448510312.49,19.2146007351
1448510330.33,22.4045103257
1448510351.54,18.9284626655
1448510369.28,21.4401190542
1448510390.16,18.1972209322
1479655221.55,16.9781375214
1479655238.55,22.4465580726
1479655257.11,16.7828367874
1479655273.82,22.2429874866
1479655293.81,16.6528273222
1479655310.73,22.400456787
1479655328.7,16.6865707437
1479655381.27,16.751450613
1479655399.77,20.2967963873
1479655418.56,17.2192392915
1479655436.51,20.7522748375
1479655455.34,16.7272083551
1479655472.92,20.4687787079
1479655492.06,16.9038936217
1479655510.4,20.4791719589
1479655528.69,16.9819729197
1479655546.58,20.4803411996
1479655565.45,16.7948944021
1479655582.77,20.293262682
1479655601.87,16.6166891224
1479655619.22,20.3457875741
1479655639.94,16.4158915135
1479655656.79,20.1832371288
1479655677.02,16.7553004464
1479655694.05,22.3212327879
1479655713.12,17.1270323897
1479655730.01,22.0700625559
1479655751.52,17.1554795838
1479655768.85,21.8486559963
1479655787.7,16.8249742026
1571122805.65,20.5552198881
1571122823.41,16.5649734913
1571122845.5,22.320938677
1571122865.15,16.7735229545
1571122886.86,21.5038796959
1571122906.16,17.4903446517
1571122929.19,20.9189926794
1571122950.41,16.713856716
1571123042.81,17.808572911
1571123063.13,20.4529201985
1571123080.87,16.2799839727
1571123103.52,20.1739806112
1571123121.11,16.7975666733
1571123142.3,22.2361772359
1571123163.25,17.2290431571
1571123182.14,22.8482717826
1571123204.45,16.4560996886
1571123224.4,21.7720517159
1571123242.93,16.6650235674
1571123261.09,22.596140349
1571123281.94,17.4088843078
1571123302.75,20.9927151019
1571123322.63,17.4565099662
1571123341.53,19.8363139444
1571123363.8,17.5961856884
1571123379.87,21.1594985101
1571123420.31,20.600244748
1571123441.55,18.8509544756
1571123460.86,20.2714307871
1571123483.31,16.3914260475
1571123503.48,20.8675170008
1571123524.58,16.7554374553
1571123544.85,21.3407742375
1571123568.95,16.9098462732
1571123588.44,21.2422050762
1571123611.72,18.1198816496
1571123631.7,20.5464927991
1571123653.55,16.3508266571
1571123672.66,20.6206586148
1571123774.45,17.0908032302
1571123791.8,20.4954108327
1571123811.76,16.9825294902
1571123832.08,20.242772106
1571123853.25,16.8534781656
1571123872.59,20.6354911255
1571123894.59,17.0974790017
1571123914.76,20.8905829087
1571123934.61,17.3520178686
1571123954.55,20.7907855881
1571123977.48,18.4075889724
1571123996.63,20.1052084795
1571124019.0,16.7869548007
1571124037.35,20.5826428215
1571124059.59,16.6239497937
1571124078.42,21.0716578426
1571124101.83,16.5426966974
1571124120.2,21.0014670632
1571124140.35,16.6210926599
1571124159.98,20.7074822039
1571124181.19,16.7464655844
1571124200.8,21.9862153161
1571124221.14,16.8002617829
1571124239.79,21.8571044397
1571124262.4,17.1681438029
1571124282.51,20.3366641239
1571124303.69,16.9528074704
1571124323.25,20.566563946
1571124344.06,16.9932840584
1571124362.93,20.844485715
1571124384.3,16.3183311908
1571124494.78,18.3632118296
1571124514.63,20.3397801361
1571124536.68,17.3404526477
1571124556.48,21.6957979277
1571124578.73,18.1218866294
1571124618.63,16.7231041675
1571124638.46,20.6698443431
1571124662.04,16.9381016868
1571124682.52,19.9592612668
1571124704.7,16.3766647933
1571124724.22,20.5622725545
1571124745.97,16.9087335765
1571124764.96,20.3123775826
1571124786.66,16.6724985144
1571124807.0,20.0100234108
1571124829.5,16.6027244747
1571124849.26,23.0742110108
1571124873.87,16.7256080206
1571124892.99,24.2318257595
1571124915.17,17.0180580624
1571124935.91,21.6687669691
1571124960.55,17.1754913035
1571124980.28,21.8735543318
1571125004.68,16.320202906
1571125022.72,21.3063029351
1571125043.35,17.8332083037
1571125064.02,20.0531244598
1571125084.99,16.8545355897
1571125103.96,20.2170677189
1571125142.32,20.5894184951
1605477620.91,18.6577193368
1605477630.82,21.1914167137
1605477652.8,16.2017427382
1605477671.42,21.2691374921
1605477695.93,18.0551583043
1605477712.36,22.7398654336
1605477736.36,16.5651798191
1605477742.82,21.4512353923
1605477756.45,22.2700523977
1605477775.59,15.9342880281
1605477796.43,20.6456951052
1605477818.95,16.1929782205
1605477840.1,22.0458412077
1605477860.9,19.3590743623
1605477881.33,19.9046564362
1605477903.45,19.5952244824
1605477923.86,20.1035769779
1605477944.2,16.9097971693
1605477963.98,21.3855861019
1605477985.23,16.8418926507
1605478004.8,19.5278781023
1605478026.47,16.8773902558
1605478046.39,22.2708564659
1605478066.64,16.4874259012
1605478084.83,22.2577123055
1605478108.4,16.5137142219
1605478129.09,20.3535898617
1605478153.17,19.3508662388
1605478173.36,20.0078230952
1605478194.04,17.3223678751
1441513874.54,15.7118437118
1441513965.55,23.1746806985
1441513975.19,20.7334534954
1441514008.19,15.9603077698
1441514015.16,23.4661705138
1441514011.92,15.687036068
1441513963.09,20.9156346299
1441513977.61,16.6525960812
1441514050.16,15.875538381
1441514059.12,19.8959867971
1441514054.54,21.0117940667
1441514113.08,23.7570341746
1441514166.26,22.2162171027
1441514163.5,19.6782043082
1441514151.24,17.9015953521
1441514147.59,17.0858055254
1441514186.97,22.2887317539
1441514203.58,23.4308375114
1441514177.67,16.3787876755
1441514225.8,17.3099986433
1441514232.08,22.7494025443
1441514241.31,23.6859209167
1441514254.73,22.2188409881
1441514279.14,22.1151080638
1441514292.33,23.3210815775
1441514295.29,22.1174039636
1441514316.46,22.3916596224
1441514310.02,22.4068960479
1441514319.85,22.1326403891
1441514468.07,22.308468436
1441514477.95,20.8741557076
1441514482.97,19.5354638277
1441514509.63,17.2405634623
1441514486.29,21.447880799
1441514541.77,22.2606580117
1441514582.13,22.9908908932
1441514585.82,21.3881177686
1441514598.53,22.3835242354
1441514606.41,24.2562380968
1441514600.66,24.2731093928
1441514603.4,23.8344556956
1441514609.81,22.2654251631
1441514647.29,16.1828651649
1441514650.03,16.1521028317
1441514653.11,22.6275739732
1441514658.43,22.0892331419
1441514661.54,20.2896366489
1441514655.78,20.9817891462
1441514664.86,19.858963984
1441514677.35,20.8895021466
1441514682.64,21.6893228102
1441514686.0,21.2125066454
1441514689.32,21.0279326461
1441514719.25,17.1897443657
1441514753.48,21.6631634615
1441514750.49,22.3621351953
1441514756.57,21.6320980511
1441514763.7,15.7607354878
1441514790.77,17.256534998
1441514792.49,22.6882841197
1441514795.51,20.719494794
1441514798.0,21.4577907912
1441514801.5,21.5984186001
1441514808.62,23.3914231646
1441514814.88,20.0163557491
1441514817.74,23.3386877362
1441514825.97,22.7585980242
1441514829.07,21.7917818375
1441514831.39,23.3562662123
1441514835.52,21.7390464091
1441514838.21,21.9851450748
1441514841.77,23.2683738317
1441514804.89,19.9636203208
1446152409.22,19.9713805682
1446152412.58,21.325865409
1446152415.67,16.242149578
1446152418.72,21.3082746968
1446152422.52,18.1243557853
1446152427.52,19.9713805682
1446152430.75,21.5897260922
1446152433.35,20.4111483736
1446152436.67,21.2906839845
1446152440.47,23.3312066018
1446152449.58,19.1094356695
1446152453.16,16.5411916857
1446152455.9,20.8685068913
1446152467.35,21.8008146389
1446152470.4,21.6952703655
1446152473.58,21.4314096823
1446152480.79,23.1377087674
1446152495.1,27.0238818932
1446152501.2,20.185053421
1446152517.37,21.633847004
1446152522.37,16.0029688517
1446152750.61,22.5407742499
1446152770.59,22.5552812244
1446152777.37,19.059100356
1446152781.27,16.433337961
1446152796.01,21.9103241966
1446152799.02,21.3330485066
1446152801.95,20.4029932283
1446152815.31,16.8591619092
1446152818.22,21.2047650199
1446152821.47,16.4262051418
1446152833.57,21.7178989666
1446152836.44,21.5094383007
1446152839.2,21.5094383007
1446152842.8,20.9000917391
1446152853.96,16.6600697725
1446152856.65,21.3252553652
1446152860.08,16.1476062036
1446152872.11,21.5549804133
1446152874.93,21.5196380982
1446152877.65,21.5019669407
1446152893.24,16.7130832451
1446152896.1,20.0529320217
1446152899.37,16.3419889366
1446152910.1,21.8406954113
1446152913.2,21.7121974038
1446152915.86,21.358827883
1446152929.53,16.6686506077
1446152936.81,22.6598702094
1446152956.24,22.5634967038
1446152970.76,22.5956212056
1446153027.62,21.7654761905
1446153061.74,22.5876984127
1446153097.61,22.5876984127
1446153132.68,22.5436507937
1446153175.27,17.0693877551
1446153180.37,19.2993197279
1446153185.98,16.4258503401
1446153199.19,21.6040816327
1446153202.19,24.0884353741
1446153194.2,21.0802721088
1446153172.11,22.0829931973
1446153219.22,19.1197278912
1446153222.7,19.4639455782
1446153237.07,22.0943877551
1446153240.03,22.243622449
1446153243.03,22.0612244898
1446153234.52,22.0778061224
1446153258.39,18.6454081633
1446153263.55,16.9706632653
1446153275.99,21.7295918367
1446153279.31,21.0829081633
1446153295.91,19.9387755102
1446153313.64,21.5396825397
1446153320.34,21.2789115646
1446153316.89,21.5885770975
1446153340.88,18.9808673469
1446153359.96,21.8982426304
1446153363.04,20.9529478458
1446153366.21,21.2952097506
1446153369.66,21.3278061224
1446153343.72,20.072845805
1446153323.62,22.1427154195
1446153379.93,18.1659580499
1446153382.93,17.1391723356
1446153386.43,16.9761904762
1446153397.86,21.7224489796
1446153395.18,21.8433106576
1446153400.46,21.7073412698
1446153403.46,19.9699546485
1446153422.7,19.6678004535
1446153425.95,20.121031746
1446153429.04,19.758446712
1446153441.38,21.7224489796
1446153444.42,22.3418650794
1446153446.98,22.3569727891
1446153462.12,17.6886904762
1446153465.29,19.154138322
1446153536.74,23.6612244898
1446153505.98,18.0358843537
1446153508.58,17.4420068027
1446153490.46,21.6651360544
1446153484.37,21.1537414966
1446153481.04,21.5166666667
1446153547.25,19.2236394558
1446153550.9,16.468707483
1446153567.11,21.7180272109
1446153569.81,21.1674603175
1446153572.68,21.1158446712
1446153576.84,22.1137471655
1446153587.47,17.089824263
1446153590.37,17.2274659864
1450270806.9,17.3548641973
1450270810.18,16.6885065686
1450270812.5,19.8098659871
1450270816.71,17.2145783807
1450270820.27,22.9136896784
1450270823.28,22.9838325867
1450270826.44,22.9838325867
1450270829.52,23.4397614905
1450270833.73,20.9321525195
1450270837.65,17.1444354725
1450270840.77,16.8813995664
1450270843.82,19.9852232578
1450270852.42,22.7207966807
1450270854.79,22.9136896784
1450270857.95,24.5269765688
1450270861.47,23.0715112221
1450270871.24,18.6349722734
1450270874.13,16.9340067476
1450270877.29,17.0567568371
1450270894.15,17.3524844936
1450270896.97,16.8816177482
1450270907.96,22.6132026145
1450270911.03,21.2168391627
1450270914.02,20.3075792405
1450270917.16,23.6523568113
1450270929.08,17.3362477093
1450270932.11,16.8004338266
1450270935.11,17.9694822979
1450270944.99,22.5644922616
1450270947.61,23.2626739875
1450270950.64,24.5616167334
1450270953.91,23.9608557134
1450270965.15,17.2714460265
1450270967.96,16.8096718803
1450270971.02,16.9122883573
1450270981.75,22.4877836036
1450270984.53,21.427413342
1450270987.74,21.2905913728
1450271004.77,17.322754265
1450271007.63,16.8609801188
1450271011.04,16.8267746265
1450271050.97,17.2921039519
1450271053.92,16.6699644992
1450271056.6,20.2554523975
1450271067.7,20.7466151233
1450271070.45,20.6156383965
1450271073.84,20.7957313959
1450271086.91,17.275731861
1450271089.93,16.7027086809
1450271092.8,18.2580573126
1450271103.26,22.6130334814
1450271106.47,21.0904290314
1450271109.52,21.4014987577
1450271124.4,17.2643796427
1450271127.47,16.8029302322
1450271130.46,16.5392448548
1450271141.42,22.5710478632
1450271144.26,23.0324972737
1450271147.36,22.8841742489
1450271151.2,21.7635113949
1450271154.98,21.3515029927
1450271165.41,17.3138206509
1450271168.45,16.8688515765
1450271171.65,17.1160566179
1450271198.79,17.3123491923
1450271201.78,16.8447298038
1450271204.52,17.1911145361
1450271211.36,22.4908009394
1450271214.18,23.3740820066
1450271217.51,20.810834988
1450271229.57,17.3469876656
1450271232.22,16.879368277
1450271235.25,18.4207803355
1450271339.77,17.3470265662
1450271342.58,16.847989
1450271345.8,19.4171083223
1450271355.84,22.6516110661
1450271359.18,21.209946986
1450271362.06,23.2245801236
1450271366.47,21.3023613501
1450271372.62,17.3100608206
1450271381.72,22.7255425574
1450271384.56,23.3169944877
1450271387.87,23.4463745975
1450271392.16,21.5611215696
1450271390.87,17.1252320923
1450271414.86,17.1661023822
1450271421.4,22.5140579133
1450271424.09,23.6924209965
1450271427.27,20.8824782598
1450271430.69,22.1877419826
1450271437.89,22.550315239
1450271440.78,23.0579177978
1450271443.95,23.039789135
1450271447.43,22.4415432621
1450271456.87,17.2930030219
1450271459.78,17.9637635462
1450271464.97,22.5499872533
1450271467.73,23.0831130611
1450271470.89,22.4966746725
1450271475.76,21.5370482184
1450271480.86,22.5499872533
1450271483.84,23.2963633843
1450271487.09,21.5725899389
1450271491.41,20.4885674629
1450271506.15,17.2187291748
1450271508.94,18.729252297
1450271512.35,18.6759397162
1450271523.39,22.4686766225
1450271526.47,20.2169058726
1450271529.51,20.4280093804
1450271540.12,17.2614567633
1450271547.78,22.6621881713
1450271550.73,20.6567048472
1450271554.07,20.6918887651
1450271563.47,22.6239629317
1450271566.47,20.8444319214
1450271569.48,24.3127015435
1450271581.41,17.2672114211
1450271584.22,16.9766757459
1450271587.39,17.212735982
1450271597.34,22.5150120535
1450271600.48,23.5318869165
1450271603.45,22.605804452
1450271607.78,21.6978804671
1450271629.03,17.328157123
1450271632.22,17.855796625
1450271635.58,16.5696753389
1450271646.5,22.5550859397
1450271649.55,22.489131002
1450271652.74,21.3843857946
1450271682.02,17.4435782641
1450271684.69,19.9333771641
1450271688.18,16.6026528078
1450271720.65,17.4004034224
1450271723.67,18.9211835512
1450271726.9,18.7913608573
1450271737.73,22.5005806837
1450271741.07,21.1281693479
1450271744.24,20.9241622575
1450271755.02,17.344765125
1450271758.06,17.8826019998
1450271770.1,22.3904073135
1450271773.23,20.2160411831
1450271776.29,23.5881513684
1450271789.05,22.5746756296
1450271792.28,20.363455836
1450271795.2,23.367029389
1450271799.12,22.4456878083
1450271779.92,22.2798463238
1450271813.75,22.539163726
1450271816.61,23.1472491692
1450271820.05,23.8658956022
1450271823.37,22.6681515473
1450271831.21,22.4838832311
1450271834.13,23.1472491692
1450271837.33,23.2578101589
1450271841.2,22.7234320421
1450271852.42,17.3796508742
1450271855.42,17.914028991
1450271859.14,16.7899922625
1450271863.21,16.7899922625
1450271845.66,21.3782733343
1450271870.04,22.4372794483
1450271873.19,21.0216038201
1450271876.6,21.344162824
1450271880.12,21.3083229347
1450271889.62,17.2046556076
1450271892.71,16.7924968804
1450271896.18,17.2046556076
1450271906.85,22.4731193376
1450271909.74,21.2008032667
1450271913.21,21.4696024366
1450271916.84,21.5950420493
1450271923.78,29.1184371184
1450271929.55,17.3420816058
1450271932.72,16.8300661487
1450271936.33,16.8111026133
1450271946.83,22.5949809247
1450271950.17,21.3054605143
1450271953.58,19.9969765684
1450271957.16,21.7985124359
1450271972.39,17.3610451413
1450271975.01,18.6505655517
1450271978.42,19.428070505
1450272122.1,16.0547720704
1450272137.94,22.6002899604
1450272140.64,24.6914554162
1450272144.33,21.5802092503
1450272147.98,22.9913208993
1450272155.34,17.2108635419
1450272161.99,22.5152832346
1450272164.99,23.5013612544
1450272168.51,22.6682953411
1450272178.67,22.5940201944
1450272181.4,23.1502942238
1450272184.92,21.2123072825
1450272209.68,15.9821454024
1450272212.66,16.7212740301
1450272215.51,20.1284767283
1450272224.45,22.4900828312
1450272227.41,23.2472389864
1450272231.1,19.8760913432
1450272242.83,17.2440723277
1450272245.78,18.794439693
1450272259.56,22.476842999
1450272262.4,23.7120337142
1450272266.05,21.3716723591
1450272276.08,22.5418530367
1450272279.13,23.9558213554
1450272282.64,21.5016924344
1450272294.83,17.2922924969
1450272297.99,18.3974631369
1450272301.47,18.6087457592
1450272311.69,19.7435734153
1450272314.33,23.1030170329
1450272317.88,21.5048351178
1450272329.56,16.0416622444
1450272332.64,17.3136845851
1450272335.97,17.1016808616
1450272346.4,22.5485457562
1450272349.69,22.2876180966
1450272352.85,21.7331468199
1450272365.01,17.1832207553
1450272368.08,17.0853728829
1450272371.41,17.1669127765
1450272390.86,17.325690225
1450272394.22,17.308189656
1450272397.62,16.6431680337
1450272405.2,21.8583375979
1450272408.11,23.2233819805
1450272411.75,22.8033683243
1450272420.52,15.8206412904
1450272423.26,17.8157061572
1450272427.03,16.9231771379
1450272440.02,22.4008552372
1450272442.72,24.1159109999
1450272446.24,23.3108848256
1450272560.25,15.9036996565
1450272562.85,18.2683565719
1450272566.26,17.20426096
1450272579.15,22.2038212952
1450272582.08,23.0314512156
1450272586.41,20.9877120245
1450272590.35,21.224177716
1450272606.0,23.1885270165
1450272621.98,22.3484516858
1450272624.91,24.0286023472
1450272609.85,23.8710882227
1450272613.12,23.8710882227
1450272628.61,21.4908747857
1450272644.83,17.3255012709
1450272648.16,17.0454761607
1450272651.46,16.6604416341
1450272661.03,21.6179828699
1450272664.23,21.2139197914
1450272667.94,21.5048452079
1450272671.18,21.4725201616
1450272682.17,17.1732890061
1450272685.01,18.660241135
1450272688.36,17.3187517143
1450272692.2,16.5752756498
1450272699.03,21.9089082864
1450272702.23,20.9714819442
1450272705.87,21.1815947451
1450272709.18,21.1977572682
1450272721.01,15.912612201
1450272723.69,16.9146886358
1450272727.16,18.8380288896
1450272736.5,21.7248980779
1450272739.93,20.387449288
1450272743.54,21.8804153791
1450272746.89,20.5429665891
1450272758.09,17.2148963444
1450272760.93,18.910034927
1450272775.09,21.600484237
1450272778.31,21.0717254131
1450272782.26,22.2536569019
1450272786.3,21.7871049984
1450272796.09,17.2304480745
1450272799.18,18.8322762764
1450272802.74,17.0904825035
1450272806.22,16.5928271398
1450272812.81,21.8540778664
1450272815.98,21.5233099509
1450272819.6,21.4782052352
1450272823.13,21.2827514669
1450272825.96,21.2677165617
1450272834.33,18.9373062483
1450272837.7,17.463885534
1450272841.07,18.4862590909
1450272844.9,17.1932572396
1450272851.55,21.6135193824
1450272854.8,21.042192983
1450272858.71,20.3054826258
1450272862.33,20.6963901623
1450272865.78,21.102332604
1450272872.32,17.2233270501
1450272875.44,18.3058402279
1450272879.18,16.8023497032
1450272888.71,21.7134750737
1450272891.71,20.6126381051
1450272895.72,21.2948469308
1450272899.07,20.2250194542
1450272908.12,17.2015939771
1450272911.43,16.9070038024
1450272914.9,17.0465465167
1450272918.6,16.4883756594
1450272924.13,21.6824655817
1450272927.37,21.2948469308
1450272931.11,21.1397994704
1450272944.24,17.3411366914
1450272947.12,18.5970211204
1450272951.25,17.5116888978
1450272960.87,21.6165894983
1450272964.28,20.4383697518
1450272967.53,21.9186971256
1450272983.78,17.145396614
1450272986.7,18.9429369965
1450273016.23,17.0687920098
1450273019.32,16.9062505889
1450273022.64,19.1670539894
1450273033.0,21.6642812749
1450273036.17,22.6395298006
1450273039.84,21.2357629833
1450273050.11,17.1426744739
1450273053.78,16.817591632
1450273056.8,19.831996166
1450273066.81,21.6199517964
1450273069.86,23.3635779485
1450273073.49,21.2357629833
1450273087.98,15.8946040846
1450273090.65,17.2983709019
1450273094.03,17.8598776288
1450273103.72,21.5983303106
1450273107.13,20.7708467131
1450273110.47,20.6378582777
1450273128.1,17.1062764953
1450273131.19,16.9289585815
1450273134.44,17.283594409
1450273146.58,21.6647364332
1450273149.67,21.4132776429
1450273153.24,20.4703071794
1450273164.9,21.5861555612
1450273168.26,21.3661291197
1450273171.36,21.5861555612
1450273175.36,20.9732247599
1450273187.81,21.6018717356
1450273191.06,21.6018717356
1450273194.27,21.5547232124
1450273208.44,15.8442388725
1450273211.1,18.2690267469
1450273214.64,18.4974487931
1450273223.84,21.6075028059
1450273226.88,22.8374676697
1450273230.27,21.8183539254
1450273243.76,15.8442388725
1450273246.5,17.3201967091
1450273249.77,19.9734066297
1450273260.26,21.6075028059
1450273263.53,21.1682296402
1450273266.73,21.3615098331
1450273296.04,21.5816970629
1450273299.1,21.8441161144
1450273302.72,20.761637527
1450273317.99,15.8904838839
1450273320.79,16.8253517548
1450273324.23,17.2353815227
1450273336.24,21.4841205555
1450273339.15,20.4358131895
1450273342.77,22.3313826733
1450273354.72,21.4841205555
1450273357.7,20.7804621866
1450273361.13,21.2830753073
1450273370.42,21.5128413053
1450273373.48,21.1251111836
1450273376.88,21.4123186812
1450273390.52,15.8836210184
1450273393.09,18.6434013466
1450273396.61,17.2801363652
1450273400.37,17.6957659327
1450273410.61,18.5436502504
1450273413.94,18.344148058
1450273417.53,21.4696824057
1450273527.44,16.6841792523
1450273530.71,16.777384805
1450273543.23,21.5495091039
1450273546.62,21.1207635614
1450273550.05,21.7732024304
1450273562.73,16.5164092574
1450273565.5,16.9078725788
1450273569.24,16.6655381418
1450273577.48,21.5681502145
1450273580.6,21.4190213301
1450273584.22,21.0461991193
1450273596.4,16.6456619643
1450273599.33,18.1962837951
1450273603.18,16.6280412617
1450273613.56,21.5265965907
1450273616.83,23.0243563136
1450273620.6,21.1741825383
1450273638.61,16.663282667
1450273641.32,18.9187326026
1450273645.3,16.7866275853
1450273654.54,21.5970794012
1450273657.55,21.138941133
1450273661.28,20.5045958386
1450273673.47,16.61135697
1450273676.6,18.0154382682
1450273680.23,17.7868668941
1450273688.37,21.5256415138
1450273691.54,20.3011520095
1450273695.17,20.6766621242
1450273708.55,16.5950304433
1450273711.52,18.2603361691
1450273715.22,16.7093161304
1450273733.14,16.5991758505
1450273735.83,19.4917585363
1450273739.71,16.8667716055
1450273768.1,16.6628891255
1450273770.86,20.4219723516
1450273774.75,17.2617939107
1451016019.07,20.9388287007
1451016022.43,17.1702557054
1451016014.52,18.4869860291
1451016032.43,21.1507163389
1451016036.42,21.0599073511
1451016039.98,22.0588062173
1451016056.21,16.9886377298
1451016059.64,21.0750421824
1451016073.28,21.1507163389
1451016068.8,21.6198961094
1451016076.36,20.3485702797
1451016079.72,21.3171994833
1451016088.95,18.3053680534
1451016092.94,18.3961770412
1451016096.72,17.049177055
1451016105.95,21.6198961094
1451016110.29,21.2869298207
1451016113.85,19.4102107387
1451016128.12,18.3205028847
1451016124.84,16.6859411036
1451016131.83,17.2761995246
1451016141.05,21.5756987848
1451016145.23,22.3409379034
1451016148.48,22.6688975256
1451016164.38,19.5259511459
1451016181.31,20.9607744931
1451016177.91,21.5893637691
1451016184.82,21.5483688163
1451016161.13,19.6489360042
1451016200.57,19.4166312718
1451016197.52,19.5122861616
1451016217.91,20.8651196033
1451016214.61,21.480043895
1451016221.22,21.4527139265
1451016236.31,19.3737128863
1451016253.0,22.2598953601
1451016250.83,21.2842843831
1451016256.6,20.7287281323
1451016233.71,18.3439012994
1451016239.68,18.4387523667
1451016269.3,17.9102964208
1451016275.02,17.151487883
1451016289.45,22.7070503913
1451016286.13,22.3682965798
1451016292.43,20.66097737
1451016304.74,17.8018952011
1451016310.13,17.2463389503
1451016374.18,16.6984721239
1451016376.95,17.4210856781
1451016379.88,17.1226148622
1451016394.22,21.4111692165
1451016391.37,21.5682591195
1451016389.07,21.5054231583
1451016397.31,21.4268782068
1451016413.54,18.0965722613
1451016411.01,16.4942552499
1451016417.11,17.3111227459
1451016408.4,20.2487039336
1451016425.42,21.5211321486
1451016430.1,21.7096400323
1451016433.82,22.7935603636
1451016451.09,16.5570912111
1451016446.25,18.2222441838
1451016453.22,17.5781755812
1451016462.41,21.3483332552
1451016466.93,21.3640422455
1451016473.5,21.7253490226
1451016496.78,16.5728002014
1451016500.82,16.9812339494
1451016907.81,16.7961349078
1451016912.62,19.6903600243
1451016923.18,20.3794612425
1451016927.59,19.7209867451
1451016930.72,21.4054563896
1451016944.81,16.6736280246
1451016947.32,18.9093786437
1451016950.51,17.4239826844
1451016959.96,21.1757559835
1451016964.43,22.1864377702
1451016967.89,21.4360831104
1451016983.82,18.6031114356
1451016987.06,17.1330288367
1451016980.52,18.2662175067
1451016996.4,20.1650741968
1451017000.48,21.8189171205
1451017003.94,21.5585899936
1451017021.57,19.2477096725
1451017018.88,17.6356840023
1451017024.43,17.6497016168
1451017034.2,21.1821404769
1451017038.67,21.6727569852
1451017041.94,20.2009074602
1451017057.35,19.528061963
1451017054.33,18.4206704156
1451017060.74,18.350582343
1451017074.66,21.6026689126
1451017069.98,22.4997962421
1451017077.77,20.2289426892
1451017090.93,16.6965038291
1451017093.3,19.7803790244
1451017096.36,18.4487056447
1451017110.56,21.3958443111
1451017106.45,21.4844733293
1451017113.85,20.6129546501
1451017127.88,16.7723638607
1451017146.24,22.592336057
1451017141.78,21.4844733293
1451017149.53,21.8980754143
1451017166.41,19.0767183343
1451017169.57,19.1801188556
1451017179.31,20.0959520439
1451017183.3,22.0310189416
1451017186.85,21.1595002625
1451017220.18,21.6571978306
1451017215.83,21.4435078467
1451017223.59,21.1147540255
1451017238.01,16.4957628369
1451017240.48,19.7011125941
1451017257.32,21.4599455378
1451017253.69,20.1449302528
1451017261.01,21.2791309361
1451017263.87,21.7229485948
1451017276.52,19.6024864477
1451017274.05,16.5779512922
1451017294.46,21.4599455378
1451017290.34,21.4763832289
1451017297.16,24.0077876525
1451017313.45,19.1257934069
1451017310.69,16.528638219
1451017316.2,16.775203585
1451017333.38,21.5024302707
1451017330.75,19.6089648097
1451017327.74,21.5184765882
1451017349.34,19.1275752857
1451017347.14,16.6403960785
1451017369.54,21.5024302707
1451017364.81,21.5666155406
1451017367.07,19.2078068731
1451017388.77,19.1275752857
1451017385.82,19.0633900159
1451017403.38,21.3098744611
1451017406.18,21.7752176676
1451017400.37,21.5024302707
1451017425.62,17.9722404282
1451017422.51,20.1064006512
1451017442.71,21.3335807878
1451017439.26,22.1744620132
1451017435.38,21.7143571917
1451017461.94,18.0176529367
1451017458.6,19.080653731
1451017475.73,21.6826258247
1451017478.96,21.1114612188
1451017471.36,21.3018494208
1451017497.49,19.239310566
1451017494.36,21.4446405722
1451017511.71,21.6984915082
1451017514.83,21.5398346732
1451017508.04,20.1436545254
1451017535.25,19.1282507815
1451017532.72,17.2402344453
1451017552.29,23.9671732338
1451017549.37,21.089674128
1451017570.83,18.7716887373
1451017566.27,16.5975783018
1451017585.14,20.7859381113
1451017588.34,23.871256597
1451017581.23,22.9920207591
1451017615.4,19.075424754
1451017610.22,16.6934949386
1451017628.78,20.9117854203
1451017631.91,21.26414208
1451017646.4,16.5393595977
1451017648.02,19.2621156044
1451017651.32,20.1109748301
1451017665.93,20.9117854203
1451017668.86,22.3532444827
1451017758.44,21.0864622303
1451017768.97,21.5369633458
1451017773.05,21.3350145699
1451017776.07,21.7389121217
1451017753.2,18.0727651128
1451017789.68,18.430059101
1451017792.08,18.9116292589
1451017812.12,21.4327785367
1451017808.69,21.168370358
1451017815.18,21.7905072492
1451017830.5,16.7511984301
1451017849.12,22.5681783633
1451017843.34,22.1482359617
1451017852.74,21.5260990704
1451017868.13,18.6487159484
1451017864.76,18.570948837
1451017825.41,18.6020556816
1451017884.72,22.4126441405
1451017881.73,24.93229855
1451017888.21,19.8618828863
1451017899.53,16.6423244741
1451017903.92,20.2818252879
1451017914.79,21.5105456481
1451017918.03,21.3861182699
1451017920.63,20.9972827129
1451017924.57,20.8417484901
1451017936.97,16.7110932392
1451017955.94,22.5559962627
1451017959.18,21.4971370193
1451017951.93,22.3159881675
1451017962.41,23.1771936855
1451017974.03,16.7958019787
1451017976.55,18.8852842189
1451017989.61,21.6242001285
1451017993.46,22.3159881675
1451017996.49,22.4995237697
1451018010.53,16.58403013
1451018013.05,18.9982292049
1451018015.31,21.3700739101
1451017979.33,17.275818169
1451018026.41,20.3676871597
1451018029.39,21.1865383079
1451018032.68,21.1300658149
1451018035.87,20.960648336
1451018049.36,20.0497896265
1451018044.03,18.1685040355
1451018046.75,21.2064318788
1451018059.55,21.0392064929
1451018062.98,23.2131365092
1451018066.08,21.3597218158
1451018073.76,18.0848913425
1451018078.55,18.126697689
1451018084.37,18.4750839096
1451018081.38,18.0709558937
1451018098.31,21.9310752175
1451018095.42,20.3842403982
1451018101.74,19.5759843665
1451018113.83,18.0848913425
1451018116.44,20.8023038629
1451018119.22,18.3775357678
1451018129.56,21.3179154693
1451018133.43,21.0252710441
1451018137.07,22.2376550916
1451018155.38,18.0993650285
1451018152.12,20.8999205076
1451018150.1,17.9579228326
1451018169.59,20.8999205076
1451018172.81,21.2959586561
1451018176.13,21.437400852
1451018188.16,18.3398167615
1451018191.26,18.1559419069
1451018184.95,18.184230346
1451018205.09,20.574603457
1451018208.03,21.578843048
1451018201.55,21.4656892912
1451018241.84,21.4232566325
1451018244.95,20.6028918962
1451018222.57,16.557645093
1451018224.91,18.4671147379
1451018227.31,21.1545164602
1451018263.64,19.0136472524
1451018259.35,16.4880950686
1451018278.32,21.341415229
1451018281.39,19.804784081
1451018274.64,21.478342757
1451018284.46,21.341415229
1451018294.67,16.5945942571
1451018297.52,19.2418597991
1451018300.47,19.1657889502
1451018311.51,21.5391994362
1451018314.81,21.2197018708
1451018317.85,21.0219176636
1451018332.74,19.1648837332
1451018335.77,18.9694742935
1451018346.83,20.2471513991
1451018349.97,21.750300935
1451018352.97,19.826269529
1451018366.9,18.232931021
1451018369.22,19.1799152286
1451018385.77,21.4346395324
1451018388.91,20.7582222413
1451018382.8,20.3373403712
1451869204.74,21.6495181406
1451869208.32,21.5080498866
1451869212.14,20.1337868481
1451869225.87,18.1532312925
1451869229.65,17.3246315193
1451869232.88,17.4863095238
1451869243.53,21.8920351474
1451869246.96,22.235600907
1451869264.17,18.0117630385
1451869267.85,16.4354024943
1451869280.5,21.8314058957
1451869284.13,22.4579081633
1451869288.1,21.3463718821
1451869250.54,22.1749716553
1451869271.23,16.6172902494
1451869300.05,18.1697278912
1451869303.6,16.424829932
1451869307.08,16.7544217687
1451869310.88,16.7156462585
1451869317.98,21.7952380952
1451869321.34,22.0666666667
1451869324.89,22.7840136054
1451869338.01,18.0534013605
1451869328.62,22.512585034
1451869341.56,16.7156462585
1451869344.99,16.7544217687
1451869348.48,16.6574829932
1451869355.58,21.5819727891
1451869359.31,21.2717687075
1451869362.74,21.7370748299
1451869366.23,21.6595238095
1451869375.25,17.0258503401
1451869378.26,17.1615646259
1451869381.75,16.7738095238
1451869385.6,17.0452380952
1451869392.58,21.7952380952
1451869396.19,21.2523809524
1451869399.8,19.5462585034
1451869403.65,20.0891156463
1451869413.04,16.9751984127
1451869415.96,16.7490079365
1451869419.65,16.7490079365
1451869430.48,21.744047619
1451869434.05,20.6696428571
1451869437.68,21.2728174603
1451869450.48,16.9563492063
1451869453.51,16.5982142857
1451869456.85,17.1259920635
1451869466.91,21.8759920635
1451869470.36,20.933531746
1451869473.87,21.630952381
1451869486.19,16.9563492063
1451869489.52,16.5416666667
1451869493.1,16.7678571429
1451869503.63,21.9325396825
1451869507.44,19.746031746
1451869510.83,22.7430555556
1451869514.4,22.0833333333
1451869524.71,16.8482993197
1451869527.66,17.0959183673
1451869531.25,16.6006802721
1451869541.84,21.7476190476
1451869545.67,19.6782312925
1451869549.09,20.1734693878
1451869552.5,20.456462585
1451869561.8,16.9897959184
1451869564.75,16.9897959184
1451869568.4,16.6006802721
1451869571.93,17.8387755102
1451869579.11,21.7829931973
1451869582.88,19.837414966
1451869586.35,20.7571428571
1451869589.95,20.9163265306
1451869598.66,16.919047619
1451869601.66,16.4414965986
1451869605.37,16.4238095238
1451869615.03,21.8537414966
1451869618.74,20.3857142857
1451869622.09,23.5693877551
1451869625.74,21.7476190476
1451869629.04,22.0659863946
1451869635.54,16.8863945578
1451869638.9,16.2554421769
1451869642.36,16.3996598639
1451869653.46,21.8619047619
1451869656.87,20.1493197279
1451869660.37,21.4112244898
1451869663.93,21.0326530612
1451869673.7,16.8683673469
1451869676.91,17.7336734694
1451869680.41,16.4176870748
1451869691.22,21.7897959184
1451869694.77,20.3295918367
1451869698.03,22.7632653061
1451869713.23,16.6880952381
1451869716.34,18.8693877551
1451869720.15,16.6520408163
1451869645.71,17.1568027211
1451869730.06,21.8968820862
1451869733.59,20.7335034014
1451869736.89,22.7225056689
1451869751.45,16.8117913832
1451869754.59,19.4387755102
1451869758.12,16.5115646259
1451869768.24,21.8218253968
1451869771.91,20.151814059
1451869775.21,21.5403628118
1451869796.79,16.8680839002
1451869813.29,21.9515122108
1451869816.74,20.3195845797
1451869820.07,20.7582748031
1451869823.92,20.3195845797
1451869834.59,16.8100627924
1451869837.33,19.407108915
1451869840.82,18.6525617307
1451869851.33,21.9164169929
1451869854.83,20.0914656635
1451869858.55,19.9335371831
1451869870.26,16.8100627924
1451869873.16,19.2491804346
1451869876.96,16.7223247477
1451869887.8,21.9111502141
1451869891.22,20.7826617362
1451869894.88,20.7484651156
1451869907.91,16.815853753
1451869910.73,18.8163560548
1451869914.44,16.7303622016
1451869924.71,21.8940519039
1451869927.94,20.5603837026
1451869931.72,21.0391363902
1451869944.9,16.6790672708
1451869947.89,18.0298337823
1451869951.43,16.3200027551
1451869935.18,23.0738353127
1451869898.19,23.0567370024
1451870023.92,20.5932885895
1451869985.59,22.0651910131
1451870090.98,16.6722934694
1451870094.11,18.2786859598
1451870097.69,17.0004811825
1451870108.65,22.1478463666
1451870112.03,20.403269576
1451870115.5,21.6814743533
1451870129.74,16.724112582
1451870132.53,17.7604948338
1451870135.96,17.1041194077
1451870147.56,22.096027254
1451870150.84,20.3859965385
1451870154.61,21.4914709404
1451870157.93,21.4914709404
1451870167.18,16.5686552442
1451870170.61,17.276849783
1451870174.43,17.0350272575
1451870184.61,22.1157558336
1451870188.1,20.3392788378
1451870191.6,23.5046378484
1451870204.94,16.7378754737
1451870207.6,17.4646160629
1451870211.58,16.3502804928
1451870222.06,22.1965047879
1451870225.55,20.4684771648
1451870201.83,22.1480554153
1451870229.04,23.5046378484
1451870239.28,20.1131817656
1451870232.63,20.8399223548
1451870242.58,16.6571265194
1451870245.34,18.078308116
1451870249.03,16.6732763102
1451870252.76,16.7540252646
1451870259.17,22.1157558336
1451870262.37,21.7120110618
1451870266.1,21.2275173357
1451870280.14,16.6066989846
1451870283.36,18.3090417007
1451870286.88,16.5896755574
1451870298.09,20.8795792022
1451870301.13,21.5264694343
1451870290.22,17.7813154587
1451870304.58,22.9564373159
1451870308.04,20.7263683577
1451870319.25,16.6066989846
1451870322.23,18.445229118
1451870326.34,16.7769332562
1451870336.6,20.8114854935
1451870339.81,20.7944620664
1451870343.09,22.3606173652
1451870346.97,20.334829533
1451870358.06,16.6407458389
1451870360.98,18.7005805255
1451870364.73,16.7258629747
1451870368.25,20.130548407
1451870375.34,22.2925236566
1451870378.86,20.6412512219
1451870382.2,22.3606173652
1451870386.19,20.7263683577
1451870396.8,16.5556287031
1451870404.11,29.9377345992
1451870413.69,22.3552525263
1451870416.91,21.7145819334
1451870420.47,21.7145819334
1451870435.33,16.5503886701
1451870438.23,17.7346585538
1451870441.89,16.8027740551
1451870452.54,22.2193527035
1451870455.6,21.6369248919
1451870459.26,22.3746667866
1451870474.4,16.5503886701
1451870477.3,18.9771712186
1451870480.9,17.1910592629
1451870491.67,20.743868914
1451870494.89,21.4039537672
1451870498.44,23.092994421
1451870500.96,15.9097180773
1451870512.38,16.2983309007
1451870515.11,18.8088443808
1451870518.44,20.0553231017
1451870520.67,25.3045785603
1451870524.1,20.3011076383
1451870530.31,20.7400085963
1451870533.54,20.6873404814
1451870537.01,21.2140216311
1451870540.69,22.1796037388
1451870544.51,17.1059086635
1451870550.22,16.5967835522
1451870552.76,18.5279477677
1451870556.33,17.5272535833
1451870562.74,20.0728791401
1451870567.46,19.9675429101
1451870570.73,21.5826984358
1451870574.16,23.9527636094
1451870577.98,21.1437974778
1451870585.43,16.9830163953
1451870588.22,16.5090033605
1451870591.1,17.8608183114
1451870594.67,17.3692492384
1451870602.91,20.0159866901
1451870605.9,21.0441659202
1451870609.05,21.6133365655
1451870612.64,21.9254624032
1451870624.52,17.2068541505
1451870627.54,16.5275214448
1451870629.98,17.0416110599
1451870633.48,17.1334127769
1451870659.79,16.5275214448
1451870662.9,17.6107817052
1451870666.32,17.463898958
1451870677.16,20.8296868786
1451870680.09,20.8090800279
1451870684.01,21.427285548
1451870698.46,16.6052824913
1451870701.23,18.6041470063
1451870727.36,16.3580002833
1451870730.03,18.1507962915
1451870733.72,16.934992102
1451870744.75,20.9533279826
1451870747.79,21.241823892
1451870751.49,20.0672334038
1451870755.35,20.0260197025
1451870758.61,20.6854389239
1451870764.87,16.3759862088
1451870767.92,18.0234248761
1451870771.36,19.4329001803
1451870781.76,20.7874608622
1451870784.84,22.2884605369
1451870788.68,21.4647412032
1451870801.81,16.1197179717
1451870804.46,18.8105344615
1451870808.41,19.6708635433
1451870812.01,20.0186561509
1451870792.4,20.3847536325
1451870819.21,20.7508511141
1451870822.57,21.4830460773
1451870826.13,21.3366070847
1451870839.33,16.480407195
1451870842.1,19.2628312593
1451870845.74,21.0527983324
1451870856.43,20.893296316
1451870859.46,21.7439737369
1451870863.31,21.0350758862
1451870866.64,20.8578514235
1451870875.73,16.1968480547
1451870878.98,16.8348561204
1451870882.44,17.2601948309
1451870893.26,20.9464636548
1451870896.12,21.8680308608
1451870899.8,23.1263245459
1451870911.01,16.0905133771
1451870914.08,18.1640395906
1451870903.69,21.1414105638
1451870983.0,16.0389425146
1451870985.71,17.8365643532
1451870989.17,19.8201470718
1451871003.18,21.5679000714
1451871006.5,22.9035328505
1451871010.46,21.5332083109
1451871020.62,16.3467901165
1451871023.71,18.1854534228
1451871026.97,18.0987240216
1451871038.25,20.8740648614
1451871041.29,21.6025918318
1451871044.6,23.4412551382
1451871048.65,19.3996650403
1451871057.99,17.6824228956
1451871060.93,18.1507616623
1451871064.8,16.3641359967
1451871074.74,21.0128319034
1451871077.78,21.9842011973
1451871081.5,20.6312225379
1451871095.0,16.3991565597
1451871098.02,17.0280998142
1451871101.72,17.4020660736
1451871112.14,20.9037501393
1451871115.34,21.7366749899
1451871118.5,21.9576550523
1451871133.66,16.2971657616
1451871136.47,18.4559709866
1451871140.23,16.8581151508
1451871150.84,20.8697532066
1451871154.1,22.042647384
1451871157.31,21.5666903265
1451871171.57,16.4841488914
1451871174.59,17.3510706746
1451871178.04,18.8809326451
1451871188.59,20.8529594663
1451871191.5,21.7239757707
1451871194.7,21.6368741402
1451871209.23,16.4978779447
1451871212.09,17.3166332707
1451871215.49,18.4837951185
1451871226.24,20.9052204446
1451871229.1,21.8633383794
1451871232.69,21.0445830533
1451871246.07,16.567559249
1451871249.03,17.7347210968
1451871252.42,17.6824601186
1451871262.41,21.0097424011
1451871265.32,21.584613162
1451871268.91,21.9155993576
1451871281.95,16.2614565747
1451871285.02,17.1448308881
1451871288.62,18.946221645
1451871299.31,20.8168966617
1451871302.68,20.5917228171
1451871305.93,23.7441566415
1451871318.68,16.3480618995
1451871321.4,18.7556899303
1451871324.7,18.6517635405
1451871335.63,20.9208230515
1451871338.82,20.1413751278
1451871342.48,20.609043882
1451871356.06,16.3827040295
1451871358.6,17.8896366818
1451871361.97,17.4739311226
1451871372.06,20.9035019865
1451871375.07,21.8734816248
1451871378.56,21.6483077802
1451871391.97,16.1530634346
1451871394.79,18.9251534728
1451871398.32,17.3504751079
1451871409.5,20.8114869308
1451871412.04,21.6808406114
1451871415.52,20.9099043286
1451871429.62,16.136660535
1451871432.01,18.7775273761
1451871435.83,16.8583881189
1451871446.34,20.9755159271
1451871449.16,21.5332145147
1451871452.31,20.713069533
1451871465.02,16.0546460368
1451871468.03,17.6785331006
1451871471.43,16.8747910185
1451871482.85,20.8843942214
1451871485.84,21.6994272556
1451871488.95,20.3174147194
1451871503.12,16.0119141258
1451871505.76,17.0572825827
1451871520.17,20.8312398931
1451871523.12,21.593118599
1451871526.42,21.8943264594
1451871508.55,18.6341943227
1451871540.95,16.2245314391
1451871543.43,17.3230542243
1451871546.97,19.0771470587
1451871557.98,20.8171882412
1451871560.67,21.1835113946
1451871564.23,20.4675161402
1451871577.94,15.9550809323
1451871580.36,17.7533945945
1451871583.81,19.1687340509
1451871594.87,20.9337456082
1451871615.39,16.388605795
1451871618.2,20.3375512899
1451871621.82,18.6062402109
1451871667.22,16.057905926
1451871684.7,20.998951028
1451871687.7,23.6640029137
1451871690.85,21.7770683669
1451871673.6,16.9332879323
1451871705.83,16.1382515408
1451871711.22,18.7077052878
1451871723.0,20.9537312903
1451871729.31,20.4685896737
1451871725.54,21.8341734833
1451871742.16,16.3538700371
1451871747.73,20.2350029695
1451871744.51,17.4319625183
1451871758.74,20.9357630823
1451871761.45,21.7982370673
1451871764.68,20.5584307138
1451871779.36,16.1741879569
1451871782.4,16.8030752376
1451871785.07,16.7851070296
1451871795.23,20.8329647826
1451871798.09,23.5012285233
1451871801.45,21.572145954
1451871816.28,16.2716760906
1451871819.28,17.7680672425
1451871821.99,17.8582112878
1451871832.76,20.8690224007
1451871835.57,23.7716606592
1451871838.37,23.3750268599
1451871854.45,15.8570134822
1451871859.81,18.0745569965
1451871857.11,17.8582112878
1451871872.34,20.9050800188
1451871878.15,21.3197426272
1451871989.38,16.1279986026
1451871995.63,20.1224251771
1451871992.23,17.354503028
1451872007.6,20.8738742713
1451872010.18,21.896516802
1451872013.56,19.9080452146
1451872029.25,16.2530450587
1451872031.93,17.5218793097
1451872034.73,20.5140556031
1451872046.98,20.9685633946
1451872049.23,22.1237706977
1451872052.67,20.7413094989
1451872070.18,16.234107234
1451872072.98,17.294625414
1451872075.93,17.6544440822
1451872087.54,20.9117499206
1451872090.6,21.7639520295
1451872093.71,22.5972163138
1451872113.91,16.2498956985
1451872116.75,18.2397308092
1451872131.96,20.9893211441
1451872134.62,21.893791649
1451872137.84,19.8677777181
1451872119.67,17.7151379164
1451872153.57,16.159448648
1451872156.62,16.6840415408
1451872159.15,17.7332273265
1451872171.31,20.8988740937
1451872173.84,20.772248223
1451872177.54,18.9994860334
1600999210.45,16.9715560027
1600999213.87,18.9963641918
1600999206.31,16.2552973236
1600999621.67,15.7929667293
1600999624.28,17.4361293028
1600999640.86,21.2046869444
1600999644.26,20.4366870459
1600999647.9,21.9905473057
1600999660.16,16.5966875533
1600999663.51,16.5966875533
1600999680.48,20.6867335245
1600999701.19,18.597059382
1600999715.56,23.0978959966
1600999712.49,21.5083148113
1600999697.68,18.4720361427
1600999651.7,21.7047799016
1600999730.37,21.4362691548
1600999733.81,20.7406041305
1600999737.03,23.4044921506
1600999743.23,18.6366416178
1600999746.38,18.7554136951
1600999762.29,15.7861117619
1600999764.95,16.8211255786
1600999769.24,21.5041389133
1600999772.18,23.1839154355
1600999780.26,15.8539815204
1600999782.98,16.7871906994
1600999785.85,21.5889761114
1600999788.9,23.1330131167
1600999794.43,15.9048838392
1600999797.05,18.3821300235
1600999804.15,23.6329786798
1600999808.29,18.2980433842
1600999811.45,18.3340902443
1600999815.01,20.5870190009
1600999833.82,21.6864482341
1600999837.1,22.4794791564
1600999840.54,23.6149552498
1600999850.3,21.0736516123
1600999869.35,24.1376347213
1600999874.02,23.3986740891
1600999830.8,15.9348474847
1600999890.36,15.9348474847
1600999893.08,17.9320977111
1600999908.05,21.7065621221
1600999911.07,19.6246826488
1600999914.86,21.4188226827
1600999967.01,21.8577430289
1600999970.08,21.6532464187
1601000019.31,21.6702878028
1601000022.26,21.2783359666
1601000164.98,20.0447563794
1601000162.51,15.7846991703
1601000180.35,19.9925924136
1601000183.37,20.2534122427
1601000186.52,20.7576639124
1601000203.76,15.8020871589
1601000206.23,18.4276734388
1601000225.39,24.7047373265
1601000267.97,15.8594754643
1601000308.01,24.961307641
1601000301.49,26.6591494124
1601000311.95,16.8046657288
1601000379.11,15.806964894
1601000410.34,15.7406390457
1601000417.34,21.9885462866
1601000420.47,21.5756098885
1601000435.02,19.7443267317
1601000438.25,21.3422110548
1601000441.23,21.0369971954
1601000457.77,19.8879567832
1601000460.65,21.2524422726
1601000463.63,21.2883497855
1601000468.84,16.9255869707
1601000477.68,22.6707890313
1601000483.3,24.8791010734
1601000486.23,23.801875687
1601000491.59,25.0227311249
1601000505.22,22.6819990191
1601000508.17,21.5670885202
1601000511.23,21.4103042313
1601000520.14,15.7834903072
1601000522.37,17.0726055715
1601000526.14,16.5499912752
1601000530.14,22.1245437697
1601000532.85,23.3613976044
1601000536.11,23.03040855
1601000552.04,21.8283956684
1601000554.59,24.5459900095
1601000557.92,22.2290666289
1601000562.63,15.9228541195
1601000569.23,23.8143299946
1601000571.66,24.180160002
1601000575.23,21.9677594808
1601000581.54,15.9480256712
1601000589.65,21.9539423468
1601000592.52,21.2073504949
1601000595.57,20.5437132932
1601000598.92,15.865071021
1601000614.55,21.9871242069
1601000617.86,20.9253046842
1601000620.58,20.3612130627
1601000623.41,19.9132579515
1601000629.03,21.3898507254
1601000632.49,20.9916684043
1601000635.54,21.8875786267
1601000670.87,15.8894278395
1601000679.06,23.0202688254
1601000676.43,22.6017922417
1601000682.38,23.2880938389
1601000690.3,21.5974484409
1601000687.54,22.0996203413
1601000693.29,21.5472312508
1601000704.92,15.7555153327
1601000721.95,15.8224715861
1601000729.67,20.1244108663
1601000707.39,18.2496357715
1601000711.76,23.8572219927
1601000732.05,20.7163737689
1601000734.93,22.8494933459
1601000768.86,15.8457507348
1601000774.25,19.7031419699
1601000786.87,19.9480989046
1601000794.16,19.7469338779
1601000887.83,22.1715946103
1601000890.51,21.2671519097
1601000897.87,21.2330219965
1601000908.6,22.0180100008
1601000911.64,20.8575929509
1601000914.73,22.8883227882
1601000884.17,23.1442971374
1601000881.17,24.0999347079
1601000922.01,15.8746256191
1601000865.81,15.8257157055
1601000869.49,22.71115906
1601000937.91,22.2681590079
1601000940.51,21.460417728
1601000943.54,22.6552017044
1601000961.67,15.991336146
1601000964.7,15.8735405427
1601000975.72,21.7464927646
1601000978.12,21.7296648213
1601000981.54,21.4435897847
1601000992.56,15.890368486
1601000994.52,17.8928937422
1601000967.18,16.9168730291
1601001005.54,21.8874321191
1601001021.62,15.9061471556
1601001023.9,16.7704946936
1601001039.35,20.1241631414
1601001042.46,19.6574154708
1601001045.39,19.8302849784
1601001048.8,20.4353282551
1601001062.1,15.8197124017
1601001066.72,17.3063901672
1601001081.0,20.0550153383
1601001083.53,21.3342496947
1601001086.94,19.8302849784
1601001103.46,15.9259583071
1601001108.27,17.8018525339
1601001123.98,20.0283811956
1601001126.42,21.2556017178
1601001129.28,19.309580604
1601001150.92,16.0486803593
1601001152.59,18.3628676298
1601001155.52,18.0472966383
1601001167.32,15.9960851941
1601001171.71,20.2738253001
1601001177.02,21.0978162221
1601001185.74,22.3601001878
1601001191.47,21.3432603266
1601001456.41,22.2587802985
1601001461.9,23.0021191813
1601001459.01,21.5673022681
1601001471.26,22.0686238402
1601001473.74,21.4117197112
1601001476.67,21.8093195787
1601001487.9,20.1670592564
1601001490.06,20.6510938777
1601001493.15,19.6830246351
1601001513.09,25.6815965493
1601001507.59,23.9529014732
1601001523.38,25.9581877615
1601001526.64,18.5939467371
1601001501.53,19.9423288965
1601001497.34,15.9663302213
1601001531.48,19.9248124729
1601001534.01,21.0623856222
1601001536.96,19.9073113475
1601001549.59,22.182457646
1601001552.08,21.1848934998
1601001555.25,21.0448844968
1601001567.41,20.2923361057
1601001569.76,20.9398777445
1601001572.36,21.5874193833
1601001587.51,20.2923361057
1601001589.79,21.0448844968
1601001592.74,21.0448844968
1601001605.86,21.966733846
1601001608.46,23.2854630373
1601001611.19,22.9904841392
1601001632.11,19.9192332594
1601001634.44,23.4416283363
1601001637.13,23.3028147372
1601001652.89,19.9018815596
1601001655.23,21.2900175504
1601001657.96,20.0753985584
1601001675.26,18.7913727669
1601001670.38,16.952092579
1601001712.93,23.203141052
1601001725.16,20.0451316728
1601001730.83,19.3467257524
1601001727.64,21.8063292112
1601001738.16,19.5896495508
1601001740.4,21.8063292112
1601001743.89,19.3770912272
1601001766.58,23.3397856886
1601001769.65,20.773903068
1601001764.86,17.9954621238
1601001780.4,16.5379193334
1601001784.24,20.0603144102
1601001789.32,21.1079232908
1601001786.19,23.3853339008
1601001792.34,19.71111145
1601001810.6,16.4012746968
1601001807.46,17.8740002246
1601001830.72,20.6170652498
1601001827.83,21.7426722749
1601001825.26,20.0073614446
1601001845.21,16.7556078166
1601002078.4,15.9586232555
1601002093.23,21.6411922947
1601002090.61,23.1088756889
1601002088.05,22.3750339918
1601002105.12,23.4475718568
1601002108.18,21.3213125806
1601002124.87,18.066066078
1601002130.56,17.8402686327
1601002138.93,21.3965783957
1601002153.5,18.4235786996
1601002159.51,16.8994459441
1601002156.25,19.2326862118
1601002135.41,23.5228376719
1601002168.65,23.5792870332
1601002171.72,19.9853443627
1601002166.16,19.8348127326
1601002174.98,20.8320847825
1602129604.65,21.8861880488
1602129616.9,16.2549471697
1602129620.02,17.8486945883
1602129622.8,17.2997371441
1602129636.93,21.1424392534
1602129639.36,22.2580624464
1602129642.53,20.2570240209
1602129645.9,21.2309807767
1602129662.32,17.6716115418
1602129665.14,18.0611942441
1602129668.22,17.2289039255
1602129683.14,21.0007728162
1602129685.82,20.6643150278
1602129689.04,20.7882731604
1602129670.94,17.1226540976
1602129692.26,23.6570185139
1602129705.06,16.5131533956
1602129707.31,19.6448910033
1602129710.57,17.2790674845
1602129713.88,16.4280518302
1602129725.1,21.0916176156
1602129727.77,21.8745520175
1602129731.3,19.781053508
1602129734.4,21.1426785548
1602129740.81,18.0790221995
1602129742.78,21.1256582417
1602129744.87,22.0958160876
1602129748.34,19.8321144473
1602129751.17,21.976673896
1602129753.74,16.5471940218
1602129758.92,18.3683675219
1602129764.9,20.9554551109
1602129767.36,22.1128364007
1602129770.57,21.7213691997
1602129773.77,21.4320238773
1602129790.55,16.2748690124
1602129793.7,16.4791127694
1602129796.16,17.5684128069
1602129799.53,16.8195190311
1602129913.07,17.6571749362
1602129915.48,18.2937166979
1602129918.75,18.4210250503
1602129921.98,17.9299785483
1602129933.49,20.9308182825
1602129936.35,21.7492291191
1602129939.7,20.1851550758
1602129942.64,21.5855469517
1602129953.66,21.2399957096
1602129956.27,21.9129112864
1602129959.66,22.4039577883
1602129962.94,21.6219207667
1602129973.0,21.1126873573
1602129975.53,22.0038458238
1602129978.76,22.7676959379
1602129982.19,21.8037898415
1602129993.83,16.5349877801
1602129999.0,22.2466339344
1602130001.73,22.0269552361
1602130005.02,22.8873634709
1602130008.05,21.624210956
1602130019.07,16.4068418728
1602130021.68,18.6219354134
1602130025.1,18.3473370406
1602130037.91,21.2946929087
1602130040.77,21.624210956
1602130044.15,20.1047666265
1602130047.39,21.9354224452
1602130058.97,15.9491779181
1602130064.22,16.7912795947
1602129996.22,19.3908108572
1602130078.19,20.8257369185
1602130080.95,23.7468294564
1602130084.21,21.8304439061
1602130087.7,20.6768914389
1602130100.59,16.4347952693
1602130106.17,18.2209410249
1602130119.61,20.7513141787
1602130122.43,23.8026465112
1602130125.74,19.7652128761
1602130129.05,20.5280459592
1602130142.67,16.4347952693
1602130148.44,18.2023353399
1602130162.06,20.9373710282
1602130165.0,20.1745379451
1602130167.83,22.0537121255
1602130171.38,20.7699198636
1602130185.62,21.1792449326
1602130188.56,20.6954971238
1602130191.57,22.4258258246
1602130216.71,16.3456748156
1602130222.62,18.3730556668
1602130219.45,17.5146151262
1602130236.74,21.1492889045
1602130239.53,21.7154943675
1602130242.76,22.153846984
1602130259.07,16.2908807386
1602130261.48,18.5557025904
1602130264.88,18.0990852815
1602130278.94,21.1492889045
1602130281.68,22.0077294451
1602130285.13,22.774846524
1602130288.25,23.4323754487
1602130301.33,16.4552629698
1602130303.9,17.861644281
1602130307.08,18.6470260521
1602130320.69,21.1096569502
1602130323.55,21.6716806889
1602130327.12,21.5311747543
1602130330.4,21.3731055777
1602130342.97,16.5080875896
1602130345.72,17.1754907793
1602130348.71,18.9318149627
1602130351.87,19.0898841393
1602130362.92,20.9340245319
1602130365.73,23.7265799836
1602130369.3,20.2490581003
1602130395.92,16.4202713804
1602130398.84,17.1579275375
1602130401.82,19.2303900739
1602130415.22,21.0745304666
1602130417.97,23.5685108071
1602130421.48,20.7759553554
1602130425.05,23.5860740489
1602130436.75,16.4106129463
1602130442.83,19.1516657426
1602130439.63,20.4194026609
1602130455.67,21.10466586
1602130458.29,21.5843500993
1602130461.96,21.0361395401
1602130465.26,20.6421132006
1602130478.26,16.4620076863
1602130480.78,18.9460867829
1602130484.19,16.701849806
1602130497.81,21.1731921799
1602130500.49,21.6357448393
1602130503.9,22.560850158
1602130507.46,21.4644290395
1602130523.39,16.4962708462
1602130525.96,17.9867183042
1602130529.47,16.4448761063
1602130542.74,21.124819073
1602130545.57,21.7183001696
1602130549.18,21.927764086
1602130564.53,16.4467916058
1602130567.02,19.1174565404
1602130570.38,18.6810733812
1602130577.93,20.9153551565
1602130580.72,21.6310235377
1602130584.13,21.6659341905
1602130701.88,16.3891377689
1602130704.55,18.8314805597
1602130708.66,21.114540125
1602130711.57,21.220728942
1602130716.64,16.1944582711
1602130722.77,21.0437475803
1602130714.53,22.3003152481
1602130725.73,20.9552568995
1602130728.89,21.5038991206
1602130734.36,21.0437475803
1602130737.18,23.3091090095
1602130740.34,21.5569935291
1602130758.16,21.008351308
1602130760.97,21.4508047121
1602130764.33,20.9198606272
1602130776.13,21.0437475803
1602130779.29,21.6454842099
1602130782.96,20.9729550357
1602130796.46,20.9552568995
1602130634.79,16.6966428848
1602130675.4,15.8803433331
1602130815.17,20.9288595254
1602130818.12,21.5143722229
1602130821.7,23.8564230129
1602130835.88,15.8934503268
1602130839.46,18.9046584854
1602130855.3,21.0292331307
1602130858.75,20.1760574857
1602130861.92,22.3340899994
1602130875.79,21.0292331307
1602130878.79,20.2095153541
1602130882.15,20.6110097753
1602130897.39,16.2320233472
1602130900.26,17.4347609827
1602130915.59,21.0262691999
1602130918.61,21.6610473964
1602130922.03,20.725584791
1602130960.37,16.1150905215
1602130963.48,16.5160030667
1602130966.96,16.8835062331
1602130980.05,20.9594504424
1602130983.06,21.5608192602
1602130986.38,20.725584791
1602131001.85,17.6636988719
1602131004.82,17.1398407827
1602131021.87,20.8575433515
1602131024.94,20.8406447034
1602131028.54,21.9897527701
1602131043.66,17.7312934641
1602131046.16,18.5086312739
1602131063.26,20.9589352397
1602131066.12,21.7193744015
1602131069.72,20.0971041897
1602131085.46,16.6497799895
1602131088.33,18.54242857
1602131091.61,18.3396447935
1602131104.94,20.9035297369
1602131107.83,21.5736568988
1602131111.36,20.7527511255
1602131126.36,17.7539320761
1602131129.61,17.2010771676
1602131145.17,20.9035297369
1602131148.3,22.2437840607
1602131151.67,20.6354788722
1602131181.57,16.6039027058
1602131184.63,17.1407560251
1602131200.72,20.931265825
1602131203.69,22.0375090284
1602131207.0,22.1513870052
1602131221.52,16.7177806826
1602131224.91,17.2546340019
1602131239.56,20.9800706722
1602131242.53,21.9724358987
1602131245.71,21.4030460146
1602131261.83,16.664593582
1602131264.61,19.0135056595
1602131280.44,20.9737488322
1602131283.48,21.9707690665
1602131287.38,20.2978029106
1602131267.69,18.6924313468
1602131325.95,16.0224449565
1602131436.11,16.6709990941
1602131439.09,18.179121282
1602131456.81,20.7479008327
1602131459.33,22.3720324197
1602131476.76,22.6206239891
1602131480.2,21.5765393975
1602131463.28,21.5931121688
1602131494.9,16.6544263228
1602131498.01,18.0465391116
1602131514.15,22.423201164
1602131517.28,21.7991436974
1602131520.72,20.9615928871
1602131535.96,16.6424583161
1602131538.68,18.7773917542
1602131555.93,19.4999846102
1602131558.83,20.1240420767
1602131561.96,22.8009201569
1602131601.79,16.7487887911
1602131621.94,19.7048504747
1602131624.92,23.5805757932
1602131646.11,16.7980564858
1602131665.44,22.529531639
1602131668.7,22.710179853
1602131689.9,16.8317621731
1602131709.52,22.4869575164
1602131712.33,23.187745412
1602131734.76,16.7339778155
1602131715.9,21.6231956916
1602131738.2,16.7013830297
1602131754.88,22.4706601235
1602131758.0,20.1401329359
1602131761.52,21.6068982987
1602131805.37,16.6619804523
1602131824.93,22.4856572924
1602131828.31,20.3079651029
1602131845.97,16.6949757885
1602131940.08,17.684682539
1602131943.05,18.7933558767
1602131960.2,22.4217413457
1602131963.17,21.4978468976
1602131966.36,22.6737125588
1602131986.55,22.4553375074
1602131989.35,22.1193758899
1602132008.07,16.808770825
1602132027.66,19.5771003602
1602132030.19,22.2435281947
1602132033.61,21.6660852242
1602132048.26,17.8277878318
1602132051.56,16.7748035914
1602132328.63,17.7417829986
1602132331.61,17.6891857772
1602132349.04,19.6352829674
1602132351.67,22.7385190274
1602132375.67,16.6723061644
1602132378.3,17.9171070698
1602132395.91,19.8456718528
1602132398.45,21.0729403512
1602132418.77,17.6716533701
1602132421.4,20.1963199952
1602132439.62,19.5476209318
1602132441.88,21.5052589073
1602132462.28,16.6426430276
1602132464.49,17.899645772
1602132486.03,21.4060218486
1602132585.22,16.5492507624
1606374021.8,21.654138322
1606374024.22,19.2472222222
1606374026.9,21.2134353741
1606374042.32,20.2472789116
1606374044.43,21.8575396825
1606374047.16,21.5015873016
1606374063.3,21.8066893424
1606374065.67,21.8236394558
1606374068.19,21.8744897959
1606374086.88,18.2921768707
1606374105.15,20.2639455782
1606374109.85,20.9318027211
1606374132.18,16.7179421769
1606374149.54,21.424744898
1606374154.63,21.1862244898
1606374175.42,18.1808673469
1606374195.82,21.7315192744
1606374199.07,20.9046485261
1606374193.74,21.5045351474
1606374219.13,21.147845805
1606374216.2,20.1588435374
1606374238.62,16.6081632653
1606374213.91,21.1316326531
1606374258.07,21.3015873016
1606374260.69,21.9603174603
1606374256.17,22.2896825397
1606374280.83,16.6081349206
1606374302.79,22.8825396825
1606374300.22,21.3345238095
1606374322.31,16.6740079365
1606374324.62,18.1232142857
1606374428.7,17.0343253968
1606374448.32,21.3490079365
1606374451.03,19.9656746032
1606374472.53,16.6390873016
1606374491.48,21.3325396825
1606374494.14,20.3115079365
1606374516.14,19.5047619048
1606374532.65,21.137414966
1606374536.5,21.1537414966
1606374557.99,17.4476190476
1606374577.66,21.7414965986
1606374574.06,21.2843537415
1606374581.73,20.0925170068
1606374620.48,21.2971251189
1606374624.33,21.0151207688
1606374617.02,21.5262536533
1606374628.19,19.9928549998
1606374643.54,18.2832036274
1606374663.54,21.0327460407
1606374666.73,21.5791294689
1606374729.28,21.2266240313
1606374726.15,22.0021359941
1606374723.1,21.5438789252
1606374708.81,20.979870225
1606374705.48,21.0679965844
1606374702.36,22.0726370816
1606374659.69,20.8741185938
1606374749.6,17.1103806786
1606374767.4,20.2484453894
1606374773.2,20.6450140067
1606374790.68,16.6965699475
1606374795.2,19.438066041
1606374809.23,20.4036244136
1606374815.39,20.0760242514
1606374812.63,21.5416039241
1606374831.55,16.6103593785
1606374857.22,20.986210294
1606374851.9,20.2160625444
1606374876.1,17.1697003351
1606374899.19,20.7637231663
1606374895.66,20.8492951385
1606374892.52,20.0791473889
1606374915.22,16.7589548687
1606374933.09,20.986210294
1606374939.76,20.9690958995
1606374981.63,19.9572671971
1606374985.7,20.5424134515
1606374978.62,20.5596236355
1606374974.88,20.5079930836
1606374959.27,16.9626951888
1606375000.52,16.9799053728
1606375019.94,21.0759291541
1606375023.42,21.6782855926
1606375015.87,21.3512920974
1606375026.83,24.3114437377
1606375044.54,17.289688684
1606375047.23,16.4808100381
1606375064.08,21.6782855926
1606375067.56,22.0396994556
1606375071.1,22.4011133187
1606375184.32,16.7749616968
1606375189.09,17.0324439295
1606375208.03,21.2301177794
1606375212.58,21.4167937091
1606375247.86,22.4519965917
1606375251.05,21.39982317
1606375244.17,21.2810293966
1606375225.36,18.3281556001
1606375230.34,17.3268937956
1606375270.29,16.4953373816
1606375288.97,20.4325024436
1606375292.23,21.7052928731
1606375285.9,21.3319410138
1606375309.62,21.0264713107
1606375312.45,23.945404029
1606375305.63,21.3319410138
1606375329.85,21.1188306265
1606375333.68,22.4779317014
1606375326.16,21.3768877926
1606375353.91,16.5254130696
1606375369.63,21.4973144702
1606375372.73,20.9123848936
1606375375.9,22.3575050239
1606375379.59,20.0005829067
1606375410.08,21.8413906917
1606375413.62,21.1704420598
1606375430.0,21.8930021249
1606375433.1,21.1704420598
1606375436.28,20.1898248285
1606375472.87,20.2209283712
1606375475.86,23.0537837162
1606375479.02,20.313304089
1606375514.59,20.1901364653
1606375517.53,22.6534889392
1606375521.18,22.6226970333
1606375500.65,17.8345556622
1606375497.32,17.3264892144
1606375542.85,17.8807435211
1606375539.31,17.2187175437
1606375556.6,22.2184311647
1606375559.89,20.9146155573
1606375562.9,21.8883512641
1606375566.19,22.0368872194
1606375577.34,21.6903033237
1606375580.35,22.5980230504
1606375620.54,21.3767274181
1606375623.45,21.327215433
1606375626.63,21.1786794778
1606375641.17,21.3437194281
1606375643.6,22.9611109411
1606375646.72,21.2446954579
1606375583.96,21.9873752343
1606375586.82,21.9378632492
1606375664.86,18.1944160158
1606375682.22,22.3474743273
1606375685.14,21.1465899963
1606375688.39,20.1958899009
1606375707.13,18.1443791687
1606375758.23,21.215890009
1606375755.03,21.5653898048
1606375761.15,21.4712937059
1606375779.11,21.3503130074
1606375781.81,22.6273314921
1606375785.29,21.8745627011
1606375819.69,21.8332749969
1606375822.89,20.3908296976
1606375815.76,21.5710122152
1606375839.65,21.8496664208
1606375843.44,20.7842238702
1606375881.47,23.0134575145
1606375884.42,21.144835195
1606375922.18,23.0462403622
1606375925.52,21.0792694996
1606375942.26,16.666727874
1606375968.02,21.6074162037
1606375964.71,23.3090430001
1606375985.95,16.77121373
1606376011.6,19.9057894074
1606376028.1,16.7264340774
1606376136.12,16.7383424847
1606376158.28,22.9248547967
1606376162.34,20.3348077762
1606376155.77,20.246006164
1606376178.26,16.7087419474
1606376203.58,21.0896214793
1606376197.27,20.3052072388
1606376225.23,20.6604136873
1606376218.21,20.0684029398
1606376245.02,20.6160128813
1606376241.34,21.2968252409
1606376238.06,19.9944015963
1606376220.66,21.1636228227
1606376261.41,21.2346312791
1606376257.53,21.1684594293
1606376265.02,22.0948653261
1606376281.96,19.4976202226
1606376278.56,21.1850023918
1606376285.3,22.4918964247
1606376288.84,22.4422675374
1606376308.57,16.6026017952
1606376330.76,23.3686734342
1606376334.44,22.5084393872
1606376337.91,22.4753534623
1606376328.24,20.2420535325
1606376351.25,16.6191447576
1606376377.31,22.2437519881
1606376370.85,21.4827757157
1606376381.19,22.2602949505
1606376373.91,25.3042000399
1606376415.81,21.1682236
1606376422.9,20.8318143604
1606376418.8,24.5017333374
1606376443.41,16.7796121567
1606376463.23,21.4128848651
1606376469.28,21.5810894849
1606376488.4,16.6419901951
1606376507.73,20.4342398046
1606376510.65,20.7859403732
1606376425.61,22.9420177722
1606376465.25,25.3886304234
1606376631.56,16.7616147406
1606376654.16,21.0293983188
1606376649.06,22.0799296611
1606376651.32,21.2592020499
1606376657.62,21.5054203333
1606376745.7,16.4644239531
1606376764.05,22.0868640495
1606376766.47,22.9762896014
1606376761.24,22.8651114074
1606376770.03,22.0233336529
1606376782.97,21.3880296872
1606376785.58,21.2768514932
1606376788.19,22.4362812306
1606376791.38,21.9121554589
1606376806.03,21.9121554589
1606376809.09,21.3880296872
1606376812.85,19.9268305661
1606376803.48,21.6421512735
1606376831.01,17.1156105179
1606376845.66,21.594503476
1606376848.27,22.1186292477
1606376850.88,21.1656732992
1606376854.13,23.1986459894
1606376892.69,21.3614446987
1606376888.03,21.282285014
1606376890.29,24.4170085289
1606376896.75,24.7811430786
1606376913.72,16.8810065435
1606376929.76,21.2506211401
1606376935.28,21.6305876267
1606376938.48,20.126553617
1606376957.45,17.1818133454
1606376971.76,21.3297808248
1606376976.82,22.1055457351
1606376980.55,20.3640326712
1608948006.49,21.2131403328
1608948026.18,17.9907673807
1608948062.35,17.952405798
1608948094.8,17.5879707617
1608948099.08,16.8591006892
1608948115.06,20.4459086776
1608948118.71,20.6377165914
1608948122.92,20.465089469
1608948193.69,16.5506179097
1608948212.63,21.4799819124
1608948216.77,20.2476409117
1608948234.09,17.7432059749
1608948253.28,21.7184995254
1608948257.11,22.6924464453
1608948274.02,17.2860472165
1608948277.79,17.7829589104
1608948293.68,20.8638114121
1608948317.81,16.5475370572
1608948337.04,21.5762833987
1608948340.78,21.7408605517
1608948358.04,16.4195326049
1608948361.59,18.9064762501
1608948376.51,20.9545474874
1608948380.16,22.033442157
1608948383.95,20.3876706271
1608948397.65,16.5475370572
1608948401.11,17.8641542811
1608948417.4,20.7845043057
1608948421.03,21.1019977506
1608948424.66,21.8163580017
1608948439.52,17.7087865582
1608948443.28,17.7087865582
1608948446.86,17.8675332807
1608948461.0,21.2012144522
1608948464.77,21.121841091
1608948468.35,21.121841091
1608948471.79,21.5583945777
1608948490.01,16.5181861398
1608948493.5,19.0779770394
1608948497.04,18.9986036781
1608948545.98,17.6091391999
1608948549.67,17.8361284616
1608948553.18,17.6091391999
1608948566.98,20.9004834951
1608948570.67,21.411209334
1608948574.27,21.2031358441
1608948586.48,17.7037180589
1608948590.19,17.3443183945
1608948593.85,17.8172126898
1608948606.29,21.1189857114
1608948610.03,21.2525042214
1608948654.66,16.4839860062
1608948613.5,21.3669486586
1608948673.88,21.1952820029
1608948677.83,21.4623190229
1608948695.87,16.655652662
1608948699.39,18.0099118351
1608948715.76,21.1371959489
1608948719.45,20.8824837143
1608948736.29,16.5341819966
1608948754.54,21.0280335626
1608948758.44,21.5192643006
1608948762.13,20.2457031281
1608948775.18,16.5887631897
1608948794.41,21.228164604
1608948798.1,21.3737144523
1608948801.64,20.9188711764
1608948815.84,16.6576664439
1608948819.33,17.5380082682
1608948834.53,21.4643328048
1608948838.38,21.4467259683
1608948855.26,16.5872390979
1608948859.11,16.6576664439
1608948875.45,21.0945892386
1608948879.06,21.7636490251
1608948895.94,16.6224527709
1608948916.43,21.1474097481
1608948919.98,21.0065550562
1608948936.8,16.5893757609
1608948956.62,21.4535577877
1608948960.19,20.967139585
1608948982.32,16.8673290196
1608949003.7,21.0366278997
1608949037.32,16.8368655244
1608949056.59,21.3090313368
1608949081.52,17.4459153432
1608949101.27,20.4737630138
1608949085.6,16.5910795891
1608949121.9,16.6099482489
1608949137.1,21.3648505106
1608949140.7,23.1573731886
1608949144.29,20.2327309245
1608949158.32,17.3080886603
1608949176.65,21.5535371083
1608949180.65,21.8365670048
1608949184.66,21.572405768
1608949217.14,21.5199263642
1608949220.89,23.2318827839
1608949237.84,17.66802442
1608949257.9,21.6568828778
1608949261.47,22.718295858
1608949278.19,17.7022635484
1608949282.06,16.623731004
1608949297.6,21.6226437494
1608949301.59,21.4856872358
1608949225.29,19.7394916878
1608949316.95,17.7878613694
1608949320.7,16.8120462102
1608949348.42,17.4540813911
1608949352.13,16.9678088261
1608949367.21,21.535297562
1608949371.12,20.0764798669
1608949387.7,18.7565971904
1608949391.31,16.7246725436
1608949408.34,21.4310962981
1608949411.7,20.2848823948
1608949427.38,18.1313896067
1608949431.19,17.3498801272
1608949446.41,21.5922860631
1608949450.06,21.408504931
1608949453.5,21.6758229414
1608949468.99,17.8331265413
1608949472.49,16.697024997
1608949476.43,17.7662970387
1608949488.47,21.5922860631
1608949491.92,21.1411869205
1608949495.47,21.5421639362
1608949509.8,17.1648315152
1608949513.25,16.9977577587
1608949528.44,21.6591155658
1608949532.08,21.408504931
1608949548.13,18.2341172966
1608949551.98,16.6756324115
1608949566.86,21.5151381073
1608949570.51,21.5315432114
1608949574.13,21.0393900898
1608949588.89,18.053661152
1608949592.53,16.5936068913
1608949631.07,18.0993797314
1608949634.44,18.9703066457
1608949650.23,21.7309806384
1608949653.9,21.9117390546
1608949673.8,17.8857561486
1608949693.39,21.6159525554
1608949696.97,21.8131435549
1608949716.16,18.251518523
1608949720.04,16.7775322894
1608949735.76,21.7890854835
1608949739.44,21.5761763609
1608949743.11,21.2813791142
1608949756.59,18.0386094004
1608949760.22,17.3016162836
1608949763.61,16.908553288
1608949775.33,21.6744421098
1608949778.76,22.280414228
1608949782.6,21.5434211112
1608949815.15,21.748477352
1608949818.54,23.595012845
1608949822.23,20.5016713355
1608949835.84,17.976494593
1608949839.65,16.792817995
1608949854.65,21.6380008696
1608949857.86,21.6853479335
1608949861.91,20.6910595911
1608949865.12,22.3955538923
1608949825.62,23.2635833975
1608949880.79,16.9506415414
1608949900.57,21.7326949974
1608949904.14,21.6380008696
1608949908.01,20.2491536612
1608949911.58,20.4069772076
1608949921.2,16.9822062507
1608949939.64,21.8275323596
1608949942.76,21.5464268872
1608949946.46,23.2486766919
1608949960.16,17.9857575712
1608949980.24,22.0617869198
1608949983.87,21.4995759752
1608949987.56,21.4371080925
1608950003.32,17.251759949
1608950023.97,21.7182135648
1608950027.29,20.3126862032
1608950030.54,21.2965553563
1608950044.99,16.7207829457
1608950048.18,18.9227758123
1608950051.44,17.1580581249
1608950064.43,21.8522439712
1608950067.62,20.6180071352
1608950071.01,21.5591127226
1608950086.92,16.7147331416
1608950089.54,19.5071939829
1608950105.92,21.9293837734
1608950109.42,21.2814094346
1608950112.96,20.9574222651
1608950093.09,19.615189706
1608950126.67,16.6221653789
1608950130.01,16.7764449834
1608950133.19,17.9489699775
1608950144.44,22.2070870615
1608950147.72,21.6825364062
1608950151.11,23.8115949482
1608950167.0,16.5579417682
1608950170.07,17.3339232889
1608950173.42,16.8774635709
1608950187.03,20.7117252024
1608950190.24,20.574787287
1608950193.94,19.6770831749
1608950197.01,23.4352681867
1608950176.91,17.6534450915
1608950209.86,16.5427264443
1608950213.14,16.847032923
1608950216.07,19.6618678509
1608950228.7,22.0506737087
1608950231.98,21.731151906
1608950235.4,20.2096195126
1608950239.1,23.8156512851
1608950250.13,16.5579417682
1608950253.55,16.847032923
1608950256.83,19.3119154004
1608950269.04,21.8224438496
1608950272.25,21.5942139906
1608950275.74,20.7421558503
1608950289.77,16.4818651486
1608950292.84,16.9687555145
1608950355.82,20.4601112334
1608950375.81,15.9855301775
1608950359.41,20.6497121256
1608950352.44,22.5457210475
1608950378.51,18.6652227872
