start_time,Station
2020-03-01T02:00:00.000000Z,AXBA1
2020-03-01T04:00:00.000000Z,AXBA1
2020-03-01T06:00:00.000000Z,AXBA1
2019-07-01T00:00:00.000000Z,AXBA1
2019-07-01T02:00:00.000000Z,AXBA1
2019-07-01T04:00:00.000000Z,AXBA1
2019-07-01T06:00:00.000000Z,AXBA1
2019-07-01T08:00:00.000000Z,AXBA1
2019-07-01T10:00:00.000000Z,AXBA1
2019-07-01T12:00:00.000000Z,AXBA1
2019-07-01T14:00:00.000000Z,AXBA1
2019-07-01T16:00:00.000000Z,AXBA1
2019-07-01T18:00:00.000000Z,AXBA1
2019-07-01T20:00:00.000000Z,AXBA1
2019-07-01T22:00:00.000000Z,AXBA1
2019-07-02T00:00:00.000000Z,AXBA1
2019-07-02T02:00:00.000000Z,AXBA1
2019-07-02T04:00:00.000000Z,AXBA1
2019-07-02T06:00:00.000000Z,AXBA1
2019-07-02T08:00:00.000000Z,AXBA1
2019-07-02T10:00:00.000000Z,AXBA1
2019-07-02T12:00:00.000000Z,AXBA1
2019-07-02T14:00:00.000000Z,AXBA1
2019-07-02T16:00:00.000000Z,AXBA1
2019-07-02T18:00:00.000000Z,AXBA1
2019-07-02T20:00:00.000000Z,AXBA1
2019-07-02T22:00:00.000000Z,AXBA1
2019-07-03T00:00:00.000000Z,AXBA1
2019-07-03T02:00:00.000000Z,AXBA1
2019-07-03T04:00:00.000000Z,AXBA1
2019-07-03T06:00:00.000000Z,AXBA1
2019-07-03T08:00:00.000000Z,AXBA1
2019-07-03T10:00:00.000000Z,AXBA1
2019-07-03T12:00:00.000000Z,AXBA1
2019-07-03T14:00:00.000000Z,AXBA1
2019-07-03T16:00:00.000000Z,AXBA1
2019-07-03T18:00:00.000000Z,AXBA1
2019-07-03T20:00:00.000000Z,AXBA1
2019-07-03T22:00:00.000000Z,AXBA1
2019-07-04T00:00:00.000000Z,AXBA1
2019-07-04T02:00:00.000000Z,AXBA1
2019-07-04T04:00:00.000000Z,AXBA1
2019-07-04T06:00:00.000000Z,AXBA1
2019-07-04T08:00:00.000000Z,AXBA1
2019-07-04T10:00:00.000000Z,AXBA1
2019-07-04T12:00:00.000000Z,AXBA1
2019-07-04T14:00:00.000000Z,AXBA1
2019-07-04T16:00:00.000000Z,AXBA1
2019-07-04T18:00:00.000000Z,AXBA1
2019-07-04T20:00:00.000000Z,AXBA1
2019-07-04T22:00:00.000000Z,AXBA1
2019-07-05T00:00:00.000000Z,AXBA1
2019-07-05T02:00:00.000000Z,AXBA1
2019-07-05T04:00:00.000000Z,AXBA1
2019-07-05T06:00:00.000000Z,AXBA1
2019-07-05T08:00:00.000000Z,AXBA1
2019-07-05T10:00:00.000000Z,AXBA1
2019-07-05T12:00:00.000000Z,AXBA1
2019-07-05T14:00:00.000000Z,AXBA1
2019-07-05T16:00:00.000000Z,AXBA1
2019-07-05T18:00:00.000000Z,AXBA1
2019-07-05T20:00:00.000000Z,AXBA1
2019-07-05T22:00:00.000000Z,AXBA1
2019-07-06T00:00:00.000000Z,AXBA1
2019-07-06T02:00:00.000000Z,AXBA1
2019-07-06T04:00:00.000000Z,AXBA1
2019-07-06T06:00:00.000000Z,AXBA1
2019-07-06T08:00:00.000000Z,AXBA1
2019-07-06T10:00:00.000000Z,AXBA1
2019-07-06T12:00:00.000000Z,AXBA1
2019-07-06T14:00:00.000000Z,AXBA1
2019-07-06T16:00:00.000000Z,AXBA1
2019-07-06T18:00:00.000000Z,AXBA1
2019-07-06T20:00:00.000000Z,AXBA1
2019-07-06T22:00:00.000000Z,AXBA1
2019-07-07T00:00:00.000000Z,AXBA1
2019-07-07T02:00:00.000000Z,AXBA1
2019-07-07T04:00:00.000000Z,AXBA1
2019-07-07T06:00:00.000000Z,AXBA1
2019-07-07T08:00:00.000000Z,AXBA1
2019-07-07T10:00:00.000000Z,AXBA1
2019-07-07T12:00:00.000000Z,AXBA1
2019-07-07T14:00:00.000000Z,AXBA1
2019-07-07T16:00:00.000000Z,AXBA1
2019-07-07T18:00:00.000000Z,AXBA1
2019-07-07T20:00:00.000000Z,AXBA1
2019-07-07T22:00:00.000000Z,AXBA1
2019-07-08T00:00:00.000000Z,AXBA1
2019-07-08T02:00:00.000000Z,AXBA1
2019-07-08T04:00:00.000000Z,AXBA1
2019-07-08T06:00:00.000000Z,AXBA1
2019-07-08T08:00:00.000000Z,AXBA1
2019-07-08T10:00:00.000000Z,AXBA1
2019-07-08T12:00:00.000000Z,AXBA1
2019-07-08T14:00:00.000000Z,AXBA1
2019-07-08T16:00:00.000000Z,AXBA1
2019-07-08T18:00:00.000000Z,AXBA1
2019-07-08T20:00:00.000000Z,AXBA1
2019-07-08T22:00:00.000000Z,AXBA1
2019-07-09T00:00:00.000000Z,AXBA1
2019-07-09T02:00:00.000000Z,AXBA1
2019-07-09T04:00:00.000000Z,AXBA1
2019-07-09T06:00:00.000000Z,AXBA1
2019-07-09T08:00:00.000000Z,AXBA1
2019-07-09T10:00:00.000000Z,AXBA1
2019-07-09T12:00:00.000000Z,AXBA1
2019-07-09T14:00:00.000000Z,AXBA1
2019-07-09T16:00:00.000000Z,AXBA1
2019-07-09T18:00:00.000000Z,AXBA1
2019-07-09T20:00:00.000000Z,AXBA1
2019-07-09T22:00:00.000000Z,AXBA1
2019-07-10T00:00:00.000000Z,AXBA1
2019-07-10T02:00:00.000000Z,AXBA1
2019-07-10T04:00:00.000000Z,AXBA1
2019-07-10T06:00:00.000000Z,AXBA1
2019-07-10T08:00:00.000000Z,AXBA1
2019-07-10T10:00:00.000000Z,AXBA1
2019-07-10T12:00:00.000000Z,AXBA1
2019-07-10T14:00:00.000000Z,AXBA1
2019-07-10T16:00:00.000000Z,AXBA1
2019-07-10T18:00:00.000000Z,AXBA1
2019-07-11T20:00:00.000000Z,AXBA1
2019-07-11T22:00:00.000000Z,AXBA1
2019-07-12T00:00:00.000000Z,AXBA1
2019-07-12T02:00:00.000000Z,AXBA1
2019-07-12T04:00:00.000000Z,AXBA1
2020-03-04T20:00:00.000000Z,AXBA1
2020-03-04T22:00:00.000000Z,AXBA1
2020-03-05T00:00:00.000000Z,AXBA1
2020-03-05T02:00:00.000000Z,AXBA1
2020-03-14T18:00:00.000000Z,AXBA1
2020-03-16T20:00:00.000000Z,AXBA1
2020-03-16T22:00:00.000000Z,AXBA1
2019-08-02T02:00:00.000000Z,AXBA1
2019-08-02T04:00:00.000000Z,AXBA1
2020-03-21T00:00:00.000000Z,AXBA1
2019-08-02T18:00:00.000000Z,AXBA1
2019-08-02T20:00:00.000000Z,AXBA1
2019-08-02T22:00:00.000000Z,AXBA1
2019-08-03T00:00:00.000000Z,AXBA1
2019-08-03T02:00:00.000000Z,AXBA1
2019-08-03T04:00:00.000000Z,AXBA1
2019-08-03T16:00:00.000000Z,AXBA1
2019-08-03T18:00:00.000000Z,AXBA1
2019-08-03T20:00:00.000000Z,AXBA1
2019-08-05T16:00:00.000000Z,AXBA1
2019-08-05T18:00:00.000000Z,AXBA1
2020-03-29T14:00:00.000000Z,AXBA1
2019-08-06T16:00:00.000000Z,AXBA1
2019-08-06T18:00:00.000000Z,AXBA1
2019-08-06T20:00:00.000000Z,AXBA1
2019-08-06T22:00:00.000000Z,AXBA1
2019-08-07T00:00:00.000000Z,AXBA1
2019-08-07T08:00:00.000000Z,AXBA1
2019-08-07T10:00:00.000000Z,AXBA1
2019-08-07T12:00:00.000000Z,AXBA1
2019-08-07T14:00:00.000000Z,AXBA1
2019-08-07T16:00:00.000000Z,AXBA1
2019-08-07T18:00:00.000000Z,AXBA1
2019-08-07T20:00:00.000000Z,AXBA1
2019-08-07T22:00:00.000000Z,AXBA1
2019-08-08T00:00:00.000000Z,AXBA1
2019-08-08T02:00:00.000000Z,AXBA1
2019-08-08T04:00:00.000000Z,AXBA1
2019-08-08T06:00:00.000000Z,AXBA1
2019-08-08T08:00:00.000000Z,AXBA1
2019-08-08T10:00:00.000000Z,AXBA1
2019-08-08T12:00:00.000000Z,AXBA1
2019-08-08T14:00:00.000000Z,AXBA1
2019-08-08T16:00:00.000000Z,AXBA1
2019-08-08T18:00:00.000000Z,AXBA1
2019-08-08T20:00:00.000000Z,AXBA1
2019-08-08T22:00:00.000000Z,AXBA1
2019-08-09T00:00:00.000000Z,AXBA1
2019-08-09T02:00:00.000000Z,AXBA1
2019-08-09T04:00:00.000000Z,AXBA1
2019-08-09T06:00:00.000000Z,AXBA1
2019-08-09T08:00:00.000000Z,AXBA1
2019-08-09T10:00:00.000000Z,AXBA1
2019-08-09T12:00:00.000000Z,AXBA1
2019-08-09T14:00:00.000000Z,AXBA1
2019-08-09T16:00:00.000000Z,AXBA1
2019-08-09T18:00:00.000000Z,AXBA1
2019-08-09T20:00:00.000000Z,AXBA1
2019-08-09T22:00:00.000000Z,AXBA1
2019-08-10T00:00:00.000000Z,AXBA1
2019-08-10T02:00:00.000000Z,AXBA1
2019-08-10T04:00:00.000000Z,AXBA1
2019-08-16T06:00:00.000000Z,AXBA1
2020-04-06T16:00:00.000000Z,AXBA1
2020-04-06T18:00:00.000000Z,AXBA1
2019-08-20T04:00:00.000000Z,AXBA1
2019-08-20T06:00:00.000000Z,AXBA1
2019-08-20T08:00:00.000000Z,AXBA1
2019-08-20T10:00:00.000000Z,AXBA1
2019-08-20T12:00:00.000000Z,AXBA1
2019-08-20T14:00:00.000000Z,AXBA1
2019-08-20T16:00:00.000000Z,AXBA1
2019-08-20T18:00:00.000000Z,AXBA1
2019-08-20T20:00:00.000000Z,AXBA1
2019-08-20T22:00:00.000000Z,AXBA1
2019-08-21T00:00:00.000000Z,AXBA1
2019-08-21T02:00:00.000000Z,AXBA1
2019-08-21T04:00:00.000000Z,AXBA1
2019-08-21T06:00:00.000000Z,AXBA1
2019-08-21T08:00:00.000000Z,AXBA1
2019-08-21T10:00:00.000000Z,AXBA1
2019-08-21T12:00:00.000000Z,AXBA1
2019-08-21T14:00:00.000000Z,AXBA1
2019-08-21T16:00:00.000000Z,AXBA1
2019-08-21T18:00:00.000000Z,AXBA1
2019-08-21T20:00:00.000000Z,AXBA1
2019-08-21T22:00:00.000000Z,AXBA1
2019-08-22T00:00:00.000000Z,AXBA1
2019-08-22T02:00:00.000000Z,AXBA1
2019-08-22T04:00:00.000000Z,AXBA1
2019-08-22T06:00:00.000000Z,AXBA1
2019-08-22T08:00:00.000000Z,AXBA1
2019-08-22T10:00:00.000000Z,AXBA1
2019-08-22T12:00:00.000000Z,AXBA1
2019-08-22T14:00:00.000000Z,AXBA1
2019-08-22T16:00:00.000000Z,AXBA1
2019-08-22T18:00:00.000000Z,AXBA1
2019-08-22T20:00:00.000000Z,AXBA1
2019-08-22T22:00:00.000000Z,AXBA1
2019-08-23T00:00:00.000000Z,AXBA1
2020-04-08T14:00:00.000000Z,AXBA1
2019-08-23T02:00:00.000000Z,AXBA1
2020-04-08T16:00:00.000000Z,AXBA1
2019-08-23T04:00:00.000000Z,AXBA1
2020-04-08T18:00:00.000000Z,AXBA1
2019-08-23T06:00:00.000000Z,AXBA1
2020-04-08T20:00:00.000000Z,AXBA1
2019-08-23T08:00:00.000000Z,AXBA1
2020-04-08T22:00:00.000000Z,AXBA1
2019-08-23T10:00:00.000000Z,AXBA1
2020-04-09T00:00:00.000000Z,AXBA1
2019-08-23T12:00:00.000000Z,AXBA1
2019-08-23T14:00:00.000000Z,AXBA1
2019-08-23T16:00:00.000000Z,AXBA1
2019-08-23T18:00:00.000000Z,AXBA1
2019-08-23T20:00:00.000000Z,AXBA1
2019-08-23T22:00:00.000000Z,AXBA1
2019-08-24T00:00:00.000000Z,AXBA1
2019-08-24T02:00:00.000000Z,AXBA1
2019-08-24T04:00:00.000000Z,AXBA1
2019-08-24T06:00:00.000000Z,AXBA1
2019-08-24T08:00:00.000000Z,AXBA1
2019-08-24T10:00:00.000000Z,AXBA1
2019-08-24T12:00:00.000000Z,AXBA1
2019-08-24T14:00:00.000000Z,AXBA1
2019-08-24T16:00:00.000000Z,AXBA1
2019-08-24T18:00:00.000000Z,AXBA1
2019-08-24T20:00:00.000000Z,AXBA1
2019-08-24T22:00:00.000000Z,AXBA1
2019-08-25T00:00:00.000000Z,AXBA1
2019-08-25T02:00:00.000000Z,AXBA1
2019-08-25T04:00:00.000000Z,AXBA1
2019-08-25T06:00:00.000000Z,AXBA1
2019-08-25T08:00:00.000000Z,AXBA1
2019-08-25T10:00:00.000000Z,AXBA1
2019-08-25T12:00:00.000000Z,AXBA1
2019-08-25T14:00:00.000000Z,AXBA1
2019-08-25T16:00:00.000000Z,AXBA1
2019-08-25T18:00:00.000000Z,AXBA1
2019-08-25T20:00:00.000000Z,AXBA1
2019-08-25T22:00:00.000000Z,AXBA1
2019-08-26T00:00:00.000000Z,AXBA1
2019-08-26T02:00:00.000000Z,AXBA1
2019-08-26T04:00:00.000000Z,AXBA1
2019-08-26T06:00:00.000000Z,AXBA1
2019-08-26T08:00:00.000000Z,AXBA1
2019-08-26T10:00:00.000000Z,AXBA1
2019-08-26T12:00:00.000000Z,AXBA1
2019-08-26T14:00:00.000000Z,AXBA1
2019-08-26T16:00:00.000000Z,AXBA1
2019-08-26T18:00:00.000000Z,AXBA1
2019-08-26T20:00:00.000000Z,AXBA1
2019-08-26T22:00:00.000000Z,AXBA1
2019-08-27T00:00:00.000000Z,AXBA1
2019-08-27T02:00:00.000000Z,AXBA1
2019-08-27T04:00:00.000000Z,AXBA1
2019-08-27T06:00:00.000000Z,AXBA1
2019-08-27T08:00:00.000000Z,AXBA1
2019-08-27T10:00:00.000000Z,AXBA1
2019-08-27T12:00:00.000000Z,AXBA1
2019-08-27T14:00:00.000000Z,AXBA1
2019-08-27T16:00:00.000000Z,AXBA1
2019-08-27T18:00:00.000000Z,AXBA1
2019-08-27T20:00:00.000000Z,AXBA1
2019-08-27T22:00:00.000000Z,AXBA1
2019-08-28T00:00:00.000000Z,AXBA1
2019-08-28T02:00:00.000000Z,AXBA1
2019-08-28T04:00:00.000000Z,AXBA1
2019-08-28T06:00:00.000000Z,AXBA1
2019-08-28T08:00:00.000000Z,AXBA1
2019-08-28T10:00:00.000000Z,AXBA1
2019-08-28T12:00:00.000000Z,AXBA1
2019-08-28T14:00:00.000000Z,AXBA1
2019-08-28T16:00:00.000000Z,AXBA1
2019-08-28T18:00:00.000000Z,AXBA1
2019-08-28T20:00:00.000000Z,AXBA1
2019-08-28T22:00:00.000000Z,AXBA1
2019-08-29T00:00:00.000000Z,AXBA1
2019-08-29T02:00:00.000000Z,AXBA1
2019-08-29T04:00:00.000000Z,AXBA1
2019-08-29T06:00:00.000000Z,AXBA1
2019-08-29T08:00:00.000000Z,AXBA1
2019-08-29T10:00:00.000000Z,AXBA1
2019-08-29T12:00:00.000000Z,AXBA1
2019-08-29T14:00:00.000000Z,AXBA1
2019-08-29T16:00:00.000000Z,AXBA1
2019-08-29T18:00:00.000000Z,AXBA1
2019-08-29T20:00:00.000000Z,AXBA1
2019-08-29T22:00:00.000000Z,AXBA1
2019-08-30T00:00:00.000000Z,AXBA1
2019-08-30T02:00:00.000000Z,AXBA1
2019-08-30T04:00:00.000000Z,AXBA1
2019-08-30T06:00:00.000000Z,AXBA1
2019-08-30T08:00:00.000000Z,AXBA1
2019-08-30T10:00:00.000000Z,AXBA1
2019-08-30T12:00:00.000000Z,AXBA1
2019-08-30T14:00:00.000000Z,AXBA1
2019-08-30T16:00:00.000000Z,AXBA1
2019-08-30T18:00:00.000000Z,AXBA1
2019-08-30T20:00:00.000000Z,AXBA1
2019-08-30T22:00:00.000000Z,AXBA1
2019-08-31T00:00:00.000000Z,AXBA1
2019-08-31T02:00:00.000000Z,AXBA1
2019-08-31T04:00:00.000000Z,AXBA1
2019-08-31T06:00:00.000000Z,AXBA1
2019-08-31T08:00:00.000000Z,AXBA1
2019-08-31T10:00:00.000000Z,AXBA1
2019-08-31T12:00:00.000000Z,AXBA1
2019-08-31T14:00:00.000000Z,AXBA1
2019-08-31T16:00:00.000000Z,AXBA1
2019-08-31T18:00:00.000000Z,AXBA1
2019-08-31T20:00:00.000000Z,AXBA1
2019-08-31T22:00:00.000000Z,AXBA1
2019-09-01T00:00:00.000000Z,AXBA1
2019-09-01T02:00:00.000000Z,AXBA1
2019-09-01T04:00:00.000000Z,AXBA1
2019-09-01T06:00:00.000000Z,AXBA1
2019-09-01T08:00:00.000000Z,AXBA1
2019-09-01T10:00:00.000000Z,AXBA1
2019-09-01T12:00:00.000000Z,AXBA1
2019-09-01T14:00:00.000000Z,AXBA1
2019-09-01T16:00:00.000000Z,AXBA1
2019-09-01T18:00:00.000000Z,AXBA1
2019-09-01T20:00:00.000000Z,AXBA1
2019-09-01T22:00:00.000000Z,AXBA1
2019-09-02T00:00:00.000000Z,AXBA1
2019-09-02T02:00:00.000000Z,AXBA1
2019-09-02T04:00:00.000000Z,AXBA1
2019-09-02T06:00:00.000000Z,AXBA1
2019-09-02T08:00:00.000000Z,AXBA1
2019-09-02T10:00:00.000000Z,AXBA1
2019-09-02T12:00:00.000000Z,AXBA1
2019-09-02T14:00:00.000000Z,AXBA1
2019-09-02T16:00:00.000000Z,AXBA1
2019-09-02T18:00:00.000000Z,AXBA1
2019-09-02T20:00:00.000000Z,AXBA1
2019-09-02T22:00:00.000000Z,AXBA1
2019-09-03T00:00:00.000000Z,AXBA1
2019-09-03T02:00:00.000000Z,AXBA1
2019-09-03T04:00:00.000000Z,AXBA1
2019-09-03T06:00:00.000000Z,AXBA1
2019-09-03T08:00:00.000000Z,AXBA1
2019-09-03T10:00:00.000000Z,AXBA1
2019-09-03T12:00:00.000000Z,AXBA1
2019-09-03T14:00:00.000000Z,AXBA1
2019-09-03T16:00:00.000000Z,AXBA1
2019-09-03T18:00:00.000000Z,AXBA1
2019-09-03T22:00:00.000000Z,AXBA1
2019-09-04T00:00:00.000000Z,AXBA1
2019-09-04T02:00:00.000000Z,AXBA1
2019-09-04T04:00:00.000000Z,AXBA1
2019-09-04T06:00:00.000000Z,AXBA1
2019-09-04T08:00:00.000000Z,AXBA1
2019-09-04T10:00:00.000000Z,AXBA1
2019-09-04T12:00:00.000000Z,AXBA1
2019-09-04T14:00:00.000000Z,AXBA1
2019-09-04T16:00:00.000000Z,AXBA1
2020-04-09T18:00:00.000000Z,AXBA1
2019-09-05T06:00:00.000000Z,AXBA1
2019-09-05T08:00:00.000000Z,AXBA1
2019-09-05T10:00:00.000000Z,AXBA1
2019-09-06T02:00:00.000000Z,AXBA1
2019-09-06T04:00:00.000000Z,AXBA1
2019-09-06T06:00:00.000000Z,AXBA1
2019-09-06T08:00:00.000000Z,AXBA1
2019-09-07T08:00:00.000000Z,AXBA1
2019-09-07T10:00:00.000000Z,AXBA1
2019-09-07T12:00:00.000000Z,AXBA1
2019-09-07T14:00:00.000000Z,AXBA1
2019-09-07T16:00:00.000000Z,AXBA1
2019-09-07T18:00:00.000000Z,AXBA1
2019-09-07T20:00:00.000000Z,AXBA1
2019-09-07T22:00:00.000000Z,AXBA1
2019-09-08T00:00:00.000000Z,AXBA1
2019-09-08T02:00:00.000000Z,AXBA1
2019-09-08T04:00:00.000000Z,AXBA1
2019-09-08T06:00:00.000000Z,AXBA1
2019-09-08T08:00:00.000000Z,AXBA1
2019-09-08T10:00:00.000000Z,AXBA1
2019-09-08T12:00:00.000000Z,AXBA1
2019-09-08T14:00:00.000000Z,AXBA1
2019-09-08T16:00:00.000000Z,AXBA1
2019-09-08T18:00:00.000000Z,AXBA1
2019-09-08T20:00:00.000000Z,AXBA1
2019-09-08T22:00:00.000000Z,AXBA1
2019-09-09T04:00:00.000000Z,AXBA1
2019-09-09T06:00:00.000000Z,AXBA1
2019-09-09T08:00:00.000000Z,AXBA1
2019-09-09T10:00:00.000000Z,AXBA1
2019-09-09T12:00:00.000000Z,AXBA1
2019-09-09T14:00:00.000000Z,AXBA1
2019-09-09T16:00:00.000000Z,AXBA1
2019-09-09T18:00:00.000000Z,AXBA1
2019-09-09T20:00:00.000000Z,AXBA1
2019-09-10T16:00:00.000000Z,AXBA1
2019-09-10T18:00:00.000000Z,AXBA1
2019-09-10T20:00:00.000000Z,AXBA1
2019-09-10T22:00:00.000000Z,AXBA1
2019-09-11T00:00:00.000000Z,AXBA1
2019-09-11T16:00:00.000000Z,AXBA1
2019-09-11T18:00:00.000000Z,AXBA1
2019-09-11T20:00:00.000000Z,AXBA1
2019-09-11T22:00:00.000000Z,AXBA1
2019-09-12T00:00:00.000000Z,AXBA1
2019-09-13T08:00:00.000000Z,AXBA1
2019-09-13T10:00:00.000000Z,AXBA1
2019-09-13T12:00:00.000000Z,AXBA1
2019-09-13T14:00:00.000000Z,AXBA1
2019-09-13T16:00:00.000000Z,AXBA1
2019-09-13T18:00:00.000000Z,AXBA1
2019-09-13T20:00:00.000000Z,AXBA1
2019-09-13T22:00:00.000000Z,AXBA1
2019-09-14T00:00:00.000000Z,AXBA1
2019-09-14T16:00:00.000000Z,AXBA1
2019-09-14T18:00:00.000000Z,AXBA1
2019-09-14T20:00:00.000000Z,AXBA1
2019-09-14T22:00:00.000000Z,AXBA1
2019-09-15T00:00:00.000000Z,AXBA1
2019-09-15T16:00:00.000000Z,AXBA1
2019-09-15T18:00:00.000000Z,AXBA1
2019-09-15T20:00:00.000000Z,AXBA1
2019-09-15T22:00:00.000000Z,AXBA1
2019-09-16T00:00:00.000000Z,AXBA1
2019-09-16T08:00:00.000000Z,AXBA1
2019-09-16T10:00:00.000000Z,AXBA1
2019-09-16T12:00:00.000000Z,AXBA1
2019-09-16T14:00:00.000000Z,AXBA1
2019-09-16T16:00:00.000000Z,AXBA1
2019-09-16T18:00:00.000000Z,AXBA1
2019-09-16T20:00:00.000000Z,AXBA1
2019-09-16T22:00:00.000000Z,AXBA1
2019-09-17T00:00:00.000000Z,AXBA1
2019-09-17T14:00:00.000000Z,AXBA1
2019-09-17T16:00:00.000000Z,AXBA1
2019-09-17T18:00:00.000000Z,AXBA1
2019-09-17T20:00:00.000000Z,AXBA1
2019-09-17T22:00:00.000000Z,AXBA1
2019-09-18T00:00:00.000000Z,AXBA1
2019-09-18T14:00:00.000000Z,AXBA1
2019-09-18T16:00:00.000000Z,AXBA1
2019-09-18T18:00:00.000000Z,AXBA1
2019-09-18T20:00:00.000000Z,AXBA1
2019-09-18T22:00:00.000000Z,AXBA1
2019-09-19T00:00:00.000000Z,AXBA1
2019-09-19T14:00:00.000000Z,AXBA1
2019-09-19T16:00:00.000000Z,AXBA1
2019-09-19T18:00:00.000000Z,AXBA1
2019-09-19T20:00:00.000000Z,AXBA1
2019-09-20T14:00:00.000000Z,AXBA1
2019-09-20T16:00:00.000000Z,AXBA1
2019-09-20T18:00:00.000000Z,AXBA1
2019-09-20T20:00:00.000000Z,AXBA1
2019-09-20T22:00:00.000000Z,AXBA1
2019-09-21T00:00:00.000000Z,AXBA1
2019-09-21T02:00:00.000000Z,AXBA1
2019-09-21T04:00:00.000000Z,AXBA1
2019-09-21T06:00:00.000000Z,AXBA1
2019-09-23T16:00:00.000000Z,AXBA1
2019-09-23T18:00:00.000000Z,AXBA1
2019-09-23T20:00:00.000000Z,AXBA1
2019-09-23T22:00:00.000000Z,AXBA1
2019-09-24T08:00:00.000000Z,AXBA1
2019-09-24T10:00:00.000000Z,AXBA1
2019-09-24T12:00:00.000000Z,AXBA1
2019-09-24T14:00:00.000000Z,AXBA1
2019-09-24T16:00:00.000000Z,AXBA1
2019-09-24T18:00:00.000000Z,AXBA1
2019-09-24T20:00:00.000000Z,AXBA1
2019-09-24T22:00:00.000000Z,AXBA1
2019-09-25T00:00:00.000000Z,AXBA1
2019-09-25T02:00:00.000000Z,AXBA1
2019-09-25T04:00:00.000000Z,AXBA1
2019-09-25T06:00:00.000000Z,AXBA1
2019-09-25T08:00:00.000000Z,AXBA1
2019-09-25T10:00:00.000000Z,AXBA1
2019-09-25T12:00:00.000000Z,AXBA1
2019-09-25T14:00:00.000000Z,AXBA1
2019-09-25T16:00:00.000000Z,AXBA1
2019-09-25T18:00:00.000000Z,AXBA1
2019-09-25T20:00:00.000000Z,AXBA1
2019-09-25T22:00:00.000000Z,AXBA1
2019-09-26T00:00:00.000000Z,AXBA1
2019-09-26T02:00:00.000000Z,AXBA1
2019-09-26T04:00:00.000000Z,AXBA1
2019-09-26T14:00:00.000000Z,AXBA1
2019-09-26T16:00:00.000000Z,AXBA1
2019-09-26T18:00:00.000000Z,AXBA1
2019-09-26T20:00:00.000000Z,AXBA1
2019-09-26T22:00:00.000000Z,AXBA1
2019-09-27T00:00:00.000000Z,AXBA1
2019-09-27T02:00:00.000000Z,AXBA1
2019-09-27T04:00:00.000000Z,AXBA1
2019-09-27T06:00:00.000000Z,AXBA1
2019-09-27T08:00:00.000000Z,AXBA1
2019-09-27T10:00:00.000000Z,AXBA1
2019-09-27T12:00:00.000000Z,AXBA1
2019-09-27T14:00:00.000000Z,AXBA1
2019-09-27T16:00:00.000000Z,AXBA1
2019-09-27T18:00:00.000000Z,AXBA1
2019-09-27T20:00:00.000000Z,AXBA1
2019-09-27T22:00:00.000000Z,AXBA1
2019-09-28T00:00:00.000000Z,AXBA1
2019-09-28T02:00:00.000000Z,AXBA1
2019-09-28T04:00:00.000000Z,AXBA1
2019-09-28T06:00:00.000000Z,AXBA1
2019-09-28T08:00:00.000000Z,AXBA1
2019-09-28T10:00:00.000000Z,AXBA1
2019-09-28T12:00:00.000000Z,AXBA1
2019-09-28T14:00:00.000000Z,AXBA1
2019-09-28T16:00:00.000000Z,AXBA1
2019-09-28T18:00:00.000000Z,AXBA1
2019-09-28T20:00:00.000000Z,AXBA1
2019-09-28T22:00:00.000000Z,AXBA1
2019-09-29T00:00:00.000000Z,AXBA1
2019-09-29T02:00:00.000000Z,AXBA1
2019-09-29T04:00:00.000000Z,AXBA1
2019-09-29T06:00:00.000000Z,AXBA1
2019-09-29T08:00:00.000000Z,AXBA1
2019-09-29T10:00:00.000000Z,AXBA1
2019-09-29T12:00:00.000000Z,AXBA1
2019-09-29T14:00:00.000000Z,AXBA1
2019-09-29T16:00:00.000000Z,AXBA1
2019-09-29T20:00:00.000000Z,AXBA1
2019-09-29T22:00:00.000000Z,AXBA1
2019-09-30T16:00:00.000000Z,AXBA1
2019-09-30T18:00:00.000000Z,AXBA1
2019-09-30T20:00:00.000000Z,AXBA1
2019-09-30T22:00:00.000000Z,AXBA1
2019-10-01T00:00:00.000000Z,AXBA1
2020-04-26T18:00:00.000000Z,AXBA1
2020-04-26T20:00:00.000000Z,AXBA1
2020-04-26T22:00:00.000000Z,AXBA1
2020-04-27T00:00:00.000000Z,AXBA1
2020-04-27T02:00:00.000000Z,AXBA1
2020-04-27T04:00:00.000000Z,AXBA1
2020-04-27T06:00:00.000000Z,AXBA1
2020-04-27T08:00:00.000000Z,AXBA1
2020-04-27T10:00:00.000000Z,AXBA1
2020-04-27T12:00:00.000000Z,AXBA1
2020-04-27T14:00:00.000000Z,AXBA1
2020-04-27T16:00:00.000000Z,AXBA1
2020-04-27T18:00:00.000000Z,AXBA1
2020-04-27T20:00:00.000000Z,AXBA1
2020-04-27T22:00:00.000000Z,AXBA1
2020-04-28T00:00:00.000000Z,AXBA1
2020-04-28T02:00:00.000000Z,AXBA1
2020-04-28T04:00:00.000000Z,AXBA1
2020-04-28T06:00:00.000000Z,AXBA1
2020-04-28T08:00:00.000000Z,AXBA1
2020-04-28T10:00:00.000000Z,AXBA1
2020-04-28T12:00:00.000000Z,AXBA1
2020-04-28T14:00:00.000000Z,AXBA1
2020-04-28T16:00:00.000000Z,AXBA1
2020-04-28T18:00:00.000000Z,AXBA1
2020-04-28T20:00:00.000000Z,AXBA1
2020-04-28T22:00:00.000000Z,AXBA1
2020-04-29T00:00:00.000000Z,AXBA1
2020-04-29T02:00:00.000000Z,AXBA1
2020-04-29T04:00:00.000000Z,AXBA1
2020-04-29T06:00:00.000000Z,AXBA1
2020-04-29T08:00:00.000000Z,AXBA1
2020-04-29T10:00:00.000000Z,AXBA1
2020-04-29T12:00:00.000000Z,AXBA1
2020-04-29T14:00:00.000000Z,AXBA1
2020-04-29T16:00:00.000000Z,AXBA1
2020-04-29T18:00:00.000000Z,AXBA1
2020-04-29T20:00:00.000000Z,AXBA1
2020-04-29T22:00:00.000000Z,AXBA1
2020-04-30T00:00:00.000000Z,AXBA1
2020-04-30T02:00:00.000000Z,AXBA1
2020-04-30T04:00:00.000000Z,AXBA1
2020-04-30T06:00:00.000000Z,AXBA1
2020-04-30T08:00:00.000000Z,AXBA1
2020-04-30T10:00:00.000000Z,AXBA1
2020-04-30T12:00:00.000000Z,AXBA1
2020-04-30T14:00:00.000000Z,AXBA1
2020-04-30T16:00:00.000000Z,AXBA1
2020-04-30T18:00:00.000000Z,AXBA1
2020-04-30T20:00:00.000000Z,AXBA1
2020-04-30T22:00:00.000000Z,AXBA1
2020-05-01T00:00:00.000000Z,AXBA1
2020-05-01T02:00:00.000000Z,AXBA1
2020-05-01T04:00:00.000000Z,AXBA1
2020-05-01T06:00:00.000000Z,AXBA1
2020-05-01T08:00:00.000000Z,AXBA1
2020-05-01T10:00:00.000000Z,AXBA1
2020-05-01T12:00:00.000000Z,AXBA1
2020-05-01T14:00:00.000000Z,AXBA1
2020-05-01T16:00:00.000000Z,AXBA1
2020-05-01T18:00:00.000000Z,AXBA1
2020-05-01T20:00:00.000000Z,AXBA1
2020-05-01T22:00:00.000000Z,AXBA1
2020-05-02T00:00:00.000000Z,AXBA1
2020-05-02T02:00:00.000000Z,AXBA1
2020-05-02T04:00:00.000000Z,AXBA1
2020-05-02T06:00:00.000000Z,AXBA1
2020-05-02T08:00:00.000000Z,AXBA1
2020-05-02T10:00:00.000000Z,AXBA1
2020-05-02T12:00:00.000000Z,AXBA1
2020-05-02T14:00:00.000000Z,AXBA1
2020-05-02T16:00:00.000000Z,AXBA1
2020-05-02T18:00:00.000000Z,AXBA1
2020-05-02T20:00:00.000000Z,AXBA1
2020-05-02T22:00:00.000000Z,AXBA1
2020-05-03T00:00:00.000000Z,AXBA1
2020-05-03T02:00:00.000000Z,AXBA1
2020-05-03T04:00:00.000000Z,AXBA1
2020-05-03T06:00:00.000000Z,AXBA1
2020-05-03T08:00:00.000000Z,AXBA1
2020-05-03T10:00:00.000000Z,AXBA1
2020-05-03T12:00:00.000000Z,AXBA1
2020-05-03T14:00:00.000000Z,AXBA1
2020-05-03T16:00:00.000000Z,AXBA1
2020-05-03T18:00:00.000000Z,AXBA1
2020-05-03T20:00:00.000000Z,AXBA1
2020-05-03T22:00:00.000000Z,AXBA1
2020-05-04T00:00:00.000000Z,AXBA1
2020-05-04T02:00:00.000000Z,AXBA1
2020-05-04T04:00:00.000000Z,AXBA1
2020-05-04T06:00:00.000000Z,AXBA1
2020-05-04T08:00:00.000000Z,AXBA1
2020-05-04T10:00:00.000000Z,AXBA1
2020-05-04T12:00:00.000000Z,AXBA1
2020-05-04T14:00:00.000000Z,AXBA1
2020-05-04T16:00:00.000000Z,AXBA1
2020-05-04T18:00:00.000000Z,AXBA1
2020-05-04T20:00:00.000000Z,AXBA1
2020-05-04T22:00:00.000000Z,AXBA1
2020-05-05T00:00:00.000000Z,AXBA1
2020-05-05T02:00:00.000000Z,AXBA1
2020-05-05T04:00:00.000000Z,AXBA1
2020-05-05T06:00:00.000000Z,AXBA1
2020-05-05T08:00:00.000000Z,AXBA1
2020-05-05T10:00:00.000000Z,AXBA1
2020-05-05T12:00:00.000000Z,AXBA1
2020-05-05T14:00:00.000000Z,AXBA1
2020-05-05T16:00:00.000000Z,AXBA1
2020-05-05T18:00:00.000000Z,AXBA1
2020-05-05T20:00:00.000000Z,AXBA1
2020-05-05T22:00:00.000000Z,AXBA1
2020-05-06T00:00:00.000000Z,AXBA1
2020-05-06T02:00:00.000000Z,AXBA1
2020-05-06T04:00:00.000000Z,AXBA1
2020-05-06T06:00:00.000000Z,AXBA1
2020-05-06T08:00:00.000000Z,AXBA1
2020-05-06T10:00:00.000000Z,AXBA1
2020-05-06T12:00:00.000000Z,AXBA1
2020-05-06T14:00:00.000000Z,AXBA1
2020-05-06T16:00:00.000000Z,AXBA1
2020-05-06T18:00:00.000000Z,AXBA1
2020-05-06T20:00:00.000000Z,AXBA1
2020-05-06T22:00:00.000000Z,AXBA1
2020-05-07T00:00:00.000000Z,AXBA1
2020-05-07T02:00:00.000000Z,AXBA1
2020-05-07T04:00:00.000000Z,AXBA1
2020-05-07T06:00:00.000000Z,AXBA1
2020-05-07T08:00:00.000000Z,AXBA1
2020-05-07T10:00:00.000000Z,AXBA1
2020-05-07T12:00:00.000000Z,AXBA1
2020-05-07T14:00:00.000000Z,AXBA1
2020-05-07T16:00:00.000000Z,AXBA1
2020-05-07T18:00:00.000000Z,AXBA1
2020-05-07T20:00:00.000000Z,AXBA1
2020-05-07T22:00:00.000000Z,AXBA1
2020-05-08T00:00:00.000000Z,AXBA1
2020-05-08T02:00:00.000000Z,AXBA1
2020-05-08T04:00:00.000000Z,AXBA1
2020-05-08T06:00:00.000000Z,AXBA1
2020-05-08T08:00:00.000000Z,AXBA1
2020-05-08T10:00:00.000000Z,AXBA1
2020-05-08T12:00:00.000000Z,AXBA1
2020-05-08T14:00:00.000000Z,AXBA1
2020-05-08T16:00:00.000000Z,AXBA1
2020-05-08T18:00:00.000000Z,AXBA1
2020-05-08T20:00:00.000000Z,AXBA1
2020-05-08T22:00:00.000000Z,AXBA1
2020-05-09T00:00:00.000000Z,AXBA1
2020-05-09T02:00:00.000000Z,AXBA1
2020-05-09T04:00:00.000000Z,AXBA1
2020-05-09T06:00:00.000000Z,AXBA1
2020-05-09T08:00:00.000000Z,AXBA1
2020-05-09T10:00:00.000000Z,AXBA1
2020-05-09T12:00:00.000000Z,AXBA1
2020-05-09T14:00:00.000000Z,AXBA1
2020-05-09T16:00:00.000000Z,AXBA1
2020-05-09T18:00:00.000000Z,AXBA1
2020-05-09T20:00:00.000000Z,AXBA1
2020-05-09T22:00:00.000000Z,AXBA1
2020-05-10T00:00:00.000000Z,AXBA1
2020-05-10T02:00:00.000000Z,AXBA1
2020-05-10T04:00:00.000000Z,AXBA1
2020-05-10T06:00:00.000000Z,AXBA1
2020-05-10T08:00:00.000000Z,AXBA1
2020-05-10T10:00:00.000000Z,AXBA1
2020-05-10T12:00:00.000000Z,AXBA1
2020-05-10T14:00:00.000000Z,AXBA1
2020-05-10T16:00:00.000000Z,AXBA1
2020-05-10T18:00:00.000000Z,AXBA1
2020-05-10T20:00:00.000000Z,AXBA1
2020-05-10T22:00:00.000000Z,AXBA1
2020-05-11T00:00:00.000000Z,AXBA1
2020-05-11T02:00:00.000000Z,AXBA1
2020-05-11T04:00:00.000000Z,AXBA1
2020-05-11T06:00:00.000000Z,AXBA1
2020-05-11T08:00:00.000000Z,AXBA1
2020-05-11T10:00:00.000000Z,AXBA1
2020-05-11T12:00:00.000000Z,AXBA1
2020-05-11T14:00:00.000000Z,AXBA1
2020-05-11T16:00:00.000000Z,AXBA1
2020-05-11T18:00:00.000000Z,AXBA1
2020-05-11T20:00:00.000000Z,AXBA1
2020-05-11T22:00:00.000000Z,AXBA1
2020-05-12T00:00:00.000000Z,AXBA1
2020-05-12T02:00:00.000000Z,AXBA1
2020-05-12T04:00:00.000000Z,AXBA1
2020-05-12T06:00:00.000000Z,AXBA1
2020-05-12T08:00:00.000000Z,AXBA1
2020-05-12T10:00:00.000000Z,AXBA1
2020-05-12T12:00:00.000000Z,AXBA1
2020-05-12T14:00:00.000000Z,AXBA1
2020-05-12T16:00:00.000000Z,AXBA1
2020-05-12T18:00:00.000000Z,AXBA1
2020-05-12T20:00:00.000000Z,AXBA1
2020-05-12T22:00:00.000000Z,AXBA1
2020-05-13T00:00:00.000000Z,AXBA1
2020-05-13T02:00:00.000000Z,AXBA1
2020-05-13T04:00:00.000000Z,AXBA1
2020-05-13T06:00:00.000000Z,AXBA1
2020-05-13T08:00:00.000000Z,AXBA1
2020-05-13T10:00:00.000000Z,AXBA1
2020-05-13T12:00:00.000000Z,AXBA1
2020-05-13T14:00:00.000000Z,AXBA1
2020-05-13T16:00:00.000000Z,AXBA1
2020-05-13T18:00:00.000000Z,AXBA1
2020-05-13T20:00:00.000000Z,AXBA1
2020-05-13T22:00:00.000000Z,AXBA1
2020-05-14T00:00:00.000000Z,AXBA1
2020-05-14T02:00:00.000000Z,AXBA1
2020-05-14T04:00:00.000000Z,AXBA1
2020-05-14T06:00:00.000000Z,AXBA1
2020-05-14T08:00:00.000000Z,AXBA1
2020-05-14T10:00:00.000000Z,AXBA1
2020-05-14T12:00:00.000000Z,AXBA1
2020-05-14T14:00:00.000000Z,AXBA1
2020-05-14T16:00:00.000000Z,AXBA1
2020-05-14T18:00:00.000000Z,AXBA1
2020-05-14T20:00:00.000000Z,AXBA1
2020-05-14T22:00:00.000000Z,AXBA1
2020-05-15T00:00:00.000000Z,AXBA1
2020-05-15T02:00:00.000000Z,AXBA1
2020-05-15T04:00:00.000000Z,AXBA1
2020-05-15T06:00:00.000000Z,AXBA1
2020-05-15T08:00:00.000000Z,AXBA1
2020-05-15T10:00:00.000000Z,AXBA1
2020-05-15T12:00:00.000000Z,AXBA1
2020-05-15T14:00:00.000000Z,AXBA1
2020-05-15T16:00:00.000000Z,AXBA1
2020-05-15T18:00:00.000000Z,AXBA1
2020-05-15T20:00:00.000000Z,AXBA1
2020-05-15T22:00:00.000000Z,AXBA1
2020-05-16T00:00:00.000000Z,AXBA1
2020-05-16T02:00:00.000000Z,AXBA1
2020-05-16T04:00:00.000000Z,AXBA1
2020-05-16T06:00:00.000000Z,AXBA1
2020-05-16T08:00:00.000000Z,AXBA1
2020-05-16T10:00:00.000000Z,AXBA1
2020-05-16T12:00:00.000000Z,AXBA1
2020-05-16T14:00:00.000000Z,AXBA1
2020-05-16T16:00:00.000000Z,AXBA1
2020-05-16T18:00:00.000000Z,AXBA1
2020-05-16T20:00:00.000000Z,AXBA1
2020-05-16T22:00:00.000000Z,AXBA1
2020-05-17T00:00:00.000000Z,AXBA1
2020-05-17T02:00:00.000000Z,AXBA1
2020-05-17T04:00:00.000000Z,AXBA1
2020-05-17T06:00:00.000000Z,AXBA1
2020-05-17T08:00:00.000000Z,AXBA1
2020-05-17T10:00:00.000000Z,AXBA1
2020-05-17T12:00:00.000000Z,AXBA1
2020-05-17T14:00:00.000000Z,AXBA1
2020-05-17T16:00:00.000000Z,AXBA1
2020-05-17T18:00:00.000000Z,AXBA1
2020-05-17T20:00:00.000000Z,AXBA1
2020-05-17T22:00:00.000000Z,AXBA1
2020-05-18T00:00:00.000000Z,AXBA1
2020-05-18T02:00:00.000000Z,AXBA1
2020-05-18T04:00:00.000000Z,AXBA1
2020-05-18T06:00:00.000000Z,AXBA1
2020-05-18T08:00:00.000000Z,AXBA1
2020-05-18T10:00:00.000000Z,AXBA1
2020-05-18T12:00:00.000000Z,AXBA1
2020-05-18T14:00:00.000000Z,AXBA1
2020-05-18T16:00:00.000000Z,AXBA1
2020-05-18T18:00:00.000000Z,AXBA1
2020-05-18T20:00:00.000000Z,AXBA1
2020-05-18T22:00:00.000000Z,AXBA1
2020-05-19T00:00:00.000000Z,AXBA1
2020-05-19T02:00:00.000000Z,AXBA1
2020-05-19T04:00:00.000000Z,AXBA1
2020-05-19T06:00:00.000000Z,AXBA1
2020-05-19T08:00:00.000000Z,AXBA1
2020-05-19T10:00:00.000000Z,AXBA1
2020-05-19T12:00:00.000000Z,AXBA1
2020-05-19T14:00:00.000000Z,AXBA1
2020-05-19T16:00:00.000000Z,AXBA1
2020-05-19T18:00:00.000000Z,AXBA1
2020-05-19T20:00:00.000000Z,AXBA1
2020-05-19T22:00:00.000000Z,AXBA1
2020-05-20T00:00:00.000000Z,AXBA1
2020-05-20T02:00:00.000000Z,AXBA1
2020-05-20T04:00:00.000000Z,AXBA1
2020-05-20T06:00:00.000000Z,AXBA1
2020-05-20T08:00:00.000000Z,AXBA1
2020-05-20T10:00:00.000000Z,AXBA1
2020-05-20T12:00:00.000000Z,AXBA1
2020-05-20T14:00:00.000000Z,AXBA1
2020-05-20T16:00:00.000000Z,AXBA1
2020-05-20T18:00:00.000000Z,AXBA1
2020-05-20T20:00:00.000000Z,AXBA1
2020-05-20T22:00:00.000000Z,AXBA1
2020-05-21T00:00:00.000000Z,AXBA1
2020-05-21T02:00:00.000000Z,AXBA1
2020-05-21T04:00:00.000000Z,AXBA1
2020-05-21T06:00:00.000000Z,AXBA1
2020-05-21T08:00:00.000000Z,AXBA1
2020-05-21T10:00:00.000000Z,AXBA1
2020-05-21T12:00:00.000000Z,AXBA1
2020-05-21T14:00:00.000000Z,AXBA1
2020-05-21T16:00:00.000000Z,AXBA1
2020-05-21T18:00:00.000000Z,AXBA1
2020-05-21T20:00:00.000000Z,AXBA1
2020-05-21T22:00:00.000000Z,AXBA1
2020-05-22T00:00:00.000000Z,AXBA1
2020-05-22T02:00:00.000000Z,AXBA1
2020-05-22T04:00:00.000000Z,AXBA1
2020-05-22T06:00:00.000000Z,AXBA1
2020-05-22T08:00:00.000000Z,AXBA1
2020-05-22T10:00:00.000000Z,AXBA1
2020-05-22T12:00:00.000000Z,AXBA1
2020-05-22T14:00:00.000000Z,AXBA1
2020-05-22T16:00:00.000000Z,AXBA1
2020-05-22T18:00:00.000000Z,AXBA1
2020-05-22T20:00:00.000000Z,AXBA1
2020-05-22T22:00:00.000000Z,AXBA1
2020-05-23T00:00:00.000000Z,AXBA1
2020-05-23T02:00:00.000000Z,AXBA1
2020-05-23T04:00:00.000000Z,AXBA1
2020-05-23T06:00:00.000000Z,AXBA1
2020-05-23T08:00:00.000000Z,AXBA1
2020-05-23T10:00:00.000000Z,AXBA1
2020-05-23T12:00:00.000000Z,AXBA1
2020-05-23T14:00:00.000000Z,AXBA1
2020-05-23T16:00:00.000000Z,AXBA1
2020-05-23T18:00:00.000000Z,AXBA1
2020-05-23T20:00:00.000000Z,AXBA1
2020-05-23T22:00:00.000000Z,AXBA1
2020-05-24T00:00:00.000000Z,AXBA1
2020-05-24T02:00:00.000000Z,AXBA1
2020-05-24T04:00:00.000000Z,AXBA1
2020-05-24T06:00:00.000000Z,AXBA1
2020-05-24T08:00:00.000000Z,AXBA1
2020-05-24T10:00:00.000000Z,AXBA1
2020-05-24T12:00:00.000000Z,AXBA1
2020-05-24T14:00:00.000000Z,AXBA1
2020-05-24T16:00:00.000000Z,AXBA1
2020-05-24T18:00:00.000000Z,AXBA1
2020-05-24T20:00:00.000000Z,AXBA1
2020-05-24T22:00:00.000000Z,AXBA1
2020-05-25T00:00:00.000000Z,AXBA1
2020-05-25T02:00:00.000000Z,AXBA1
2020-05-25T04:00:00.000000Z,AXBA1
2020-05-25T06:00:00.000000Z,AXBA1
2020-05-25T08:00:00.000000Z,AXBA1
2020-05-25T10:00:00.000000Z,AXBA1
2020-05-25T12:00:00.000000Z,AXBA1
2020-05-25T14:00:00.000000Z,AXBA1
2020-05-25T16:00:00.000000Z,AXBA1
2020-05-25T18:00:00.000000Z,AXBA1
2020-05-25T20:00:00.000000Z,AXBA1
2020-05-25T22:00:00.000000Z,AXBA1
2020-05-26T00:00:00.000000Z,AXBA1
2020-05-26T02:00:00.000000Z,AXBA1
2020-05-26T04:00:00.000000Z,AXBA1
2020-05-26T06:00:00.000000Z,AXBA1
2020-05-26T08:00:00.000000Z,AXBA1
2020-05-26T10:00:00.000000Z,AXBA1
2020-05-26T12:00:00.000000Z,AXBA1
2020-05-26T14:00:00.000000Z,AXBA1
2020-05-26T16:00:00.000000Z,AXBA1
2020-05-26T18:00:00.000000Z,AXBA1
2020-05-26T20:00:00.000000Z,AXBA1
2020-05-26T22:00:00.000000Z,AXBA1
2020-05-27T00:00:00.000000Z,AXBA1
2020-05-27T02:00:00.000000Z,AXBA1
2020-05-27T04:00:00.000000Z,AXBA1
2020-05-27T06:00:00.000000Z,AXBA1
2020-05-27T08:00:00.000000Z,AXBA1
2020-05-27T10:00:00.000000Z,AXBA1
2020-05-27T12:00:00.000000Z,AXBA1
2020-05-27T14:00:00.000000Z,AXBA1
2020-05-27T16:00:00.000000Z,AXBA1
2020-05-27T18:00:00.000000Z,AXBA1
2020-05-27T20:00:00.000000Z,AXBA1
2020-05-27T22:00:00.000000Z,AXBA1
2020-05-28T00:00:00.000000Z,AXBA1
2020-05-28T02:00:00.000000Z,AXBA1
2020-05-28T04:00:00.000000Z,AXBA1
2020-05-28T06:00:00.000000Z,AXBA1
2020-05-28T08:00:00.000000Z,AXBA1
2020-05-28T10:00:00.000000Z,AXBA1
2020-05-28T12:00:00.000000Z,AXBA1
2020-05-28T14:00:00.000000Z,AXBA1
2020-05-28T16:00:00.000000Z,AXBA1
2020-05-28T18:00:00.000000Z,AXBA1
2020-05-28T20:00:00.000000Z,AXBA1
2020-05-28T22:00:00.000000Z,AXBA1
2020-05-29T00:00:00.000000Z,AXBA1
2020-05-29T02:00:00.000000Z,AXBA1
2020-05-29T04:00:00.000000Z,AXBA1
2020-05-29T06:00:00.000000Z,AXBA1
2020-05-29T08:00:00.000000Z,AXBA1
2020-05-29T10:00:00.000000Z,AXBA1
2020-05-29T12:00:00.000000Z,AXBA1
2020-05-29T14:00:00.000000Z,AXBA1
2020-05-29T16:00:00.000000Z,AXBA1
2020-05-29T18:00:00.000000Z,AXBA1
2020-05-29T20:00:00.000000Z,AXBA1
2020-05-29T22:00:00.000000Z,AXBA1
2020-05-30T00:00:00.000000Z,AXBA1
2020-05-30T02:00:00.000000Z,AXBA1
2020-05-30T04:00:00.000000Z,AXBA1
2020-05-30T06:00:00.000000Z,AXBA1
2020-05-30T08:00:00.000000Z,AXBA1
2020-05-30T10:00:00.000000Z,AXBA1
2020-05-30T12:00:00.000000Z,AXBA1
2020-05-30T14:00:00.000000Z,AXBA1
2020-05-30T16:00:00.000000Z,AXBA1
2020-05-30T18:00:00.000000Z,AXBA1
2020-05-30T20:00:00.000000Z,AXBA1
2020-05-30T22:00:00.000000Z,AXBA1
2020-05-31T00:00:00.000000Z,AXBA1
2020-05-31T02:00:00.000000Z,AXBA1
2020-05-31T04:00:00.000000Z,AXBA1
2020-05-31T06:00:00.000000Z,AXBA1
2020-05-31T08:00:00.000000Z,AXBA1
2020-05-31T10:00:00.000000Z,AXBA1
2020-05-31T12:00:00.000000Z,AXBA1
2020-05-31T14:00:00.000000Z,AXBA1
2020-05-31T16:00:00.000000Z,AXBA1
2020-05-31T18:00:00.000000Z,AXBA1
2020-05-31T20:00:00.000000Z,AXBA1
2020-05-31T22:00:00.000000Z,AXBA1
2020-06-01T00:00:00.000000Z,AXBA1
2020-06-01T02:00:00.000000Z,AXBA1
2020-06-01T04:00:00.000000Z,AXBA1
2020-06-01T06:00:00.000000Z,AXBA1
2020-06-01T08:00:00.000000Z,AXBA1
2020-06-01T10:00:00.000000Z,AXBA1
2020-06-01T12:00:00.000000Z,AXBA1
2020-06-01T14:00:00.000000Z,AXBA1
2020-06-01T16:00:00.000000Z,AXBA1
2020-06-01T18:00:00.000000Z,AXBA1
2020-06-01T20:00:00.000000Z,AXBA1
2020-06-01T22:00:00.000000Z,AXBA1
2020-06-02T00:00:00.000000Z,AXBA1
2020-06-02T02:00:00.000000Z,AXBA1
2020-06-02T04:00:00.000000Z,AXBA1
2020-06-02T06:00:00.000000Z,AXBA1
2020-06-02T08:00:00.000000Z,AXBA1
2020-06-02T10:00:00.000000Z,AXBA1
2020-06-02T12:00:00.000000Z,AXBA1
2020-06-02T14:00:00.000000Z,AXBA1
2020-06-02T16:00:00.000000Z,AXBA1
2020-06-02T18:00:00.000000Z,AXBA1
2020-06-02T20:00:00.000000Z,AXBA1
2020-06-02T22:00:00.000000Z,AXBA1
2020-06-03T00:00:00.000000Z,AXBA1
2020-06-03T02:00:00.000000Z,AXBA1
2020-06-03T04:00:00.000000Z,AXBA1
2020-06-03T06:00:00.000000Z,AXBA1
2020-06-03T08:00:00.000000Z,AXBA1
2020-06-03T10:00:00.000000Z,AXBA1
2020-06-03T12:00:00.000000Z,AXBA1
2020-06-03T14:00:00.000000Z,AXBA1
2020-06-03T16:00:00.000000Z,AXBA1
2020-06-03T18:00:00.000000Z,AXBA1
2020-06-03T20:00:00.000000Z,AXBA1
2020-06-03T22:00:00.000000Z,AXBA1
2020-06-04T00:00:00.000000Z,AXBA1
2020-06-04T02:00:00.000000Z,AXBA1
2020-06-04T04:00:00.000000Z,AXBA1
2020-06-04T06:00:00.000000Z,AXBA1
2020-06-04T08:00:00.000000Z,AXBA1
2020-06-04T10:00:00.000000Z,AXBA1
2020-06-04T12:00:00.000000Z,AXBA1
2020-06-04T14:00:00.000000Z,AXBA1
2020-06-04T16:00:00.000000Z,AXBA1
2020-06-04T18:00:00.000000Z,AXBA1
2020-06-04T20:00:00.000000Z,AXBA1
2020-06-04T22:00:00.000000Z,AXBA1
2020-06-05T00:00:00.000000Z,AXBA1
2020-06-05T02:00:00.000000Z,AXBA1
2020-06-05T04:00:00.000000Z,AXBA1
2020-06-05T06:00:00.000000Z,AXBA1
2020-06-05T08:00:00.000000Z,AXBA1
2020-06-05T10:00:00.000000Z,AXBA1
2020-06-05T12:00:00.000000Z,AXBA1
2020-06-05T14:00:00.000000Z,AXBA1
2020-06-05T16:00:00.000000Z,AXBA1
2020-06-05T18:00:00.000000Z,AXBA1
2020-06-05T20:00:00.000000Z,AXBA1
2020-06-05T22:00:00.000000Z,AXBA1
2020-06-06T00:00:00.000000Z,AXBA1
2020-06-06T02:00:00.000000Z,AXBA1
2020-06-06T04:00:00.000000Z,AXBA1
2020-06-06T06:00:00.000000Z,AXBA1
2020-06-06T08:00:00.000000Z,AXBA1
2020-06-06T10:00:00.000000Z,AXBA1
2020-06-06T12:00:00.000000Z,AXBA1
2020-06-06T14:00:00.000000Z,AXBA1
2020-06-06T16:00:00.000000Z,AXBA1
2020-06-06T18:00:00.000000Z,AXBA1
2020-06-06T20:00:00.000000Z,AXBA1
2020-06-06T22:00:00.000000Z,AXBA1
2020-06-07T00:00:00.000000Z,AXBA1
2020-06-07T02:00:00.000000Z,AXBA1
2020-06-07T04:00:00.000000Z,AXBA1
2020-06-07T06:00:00.000000Z,AXBA1
2020-06-07T08:00:00.000000Z,AXBA1
2020-06-07T10:00:00.000000Z,AXBA1
2020-06-07T12:00:00.000000Z,AXBA1
2020-06-07T14:00:00.000000Z,AXBA1
2020-06-07T16:00:00.000000Z,AXBA1
2020-06-07T18:00:00.000000Z,AXBA1
2020-06-07T20:00:00.000000Z,AXBA1
2020-06-07T22:00:00.000000Z,AXBA1
2020-06-08T00:00:00.000000Z,AXBA1
2020-06-08T02:00:00.000000Z,AXBA1
2020-06-08T04:00:00.000000Z,AXBA1
2020-06-08T06:00:00.000000Z,AXBA1
2020-06-08T08:00:00.000000Z,AXBA1
2020-06-08T10:00:00.000000Z,AXBA1
2020-06-08T12:00:00.000000Z,AXBA1
2020-06-08T14:00:00.000000Z,AXBA1
2020-06-08T16:00:00.000000Z,AXBA1
2020-06-08T18:00:00.000000Z,AXBA1
2020-06-08T20:00:00.000000Z,AXBA1
2020-06-08T22:00:00.000000Z,AXBA1
2020-06-09T00:00:00.000000Z,AXBA1
2020-06-09T02:00:00.000000Z,AXBA1
2020-06-09T04:00:00.000000Z,AXBA1
2020-06-09T06:00:00.000000Z,AXBA1
2020-06-09T08:00:00.000000Z,AXBA1
2020-06-09T10:00:00.000000Z,AXBA1
2020-06-09T12:00:00.000000Z,AXBA1
2020-06-09T14:00:00.000000Z,AXBA1
2020-06-09T16:00:00.000000Z,AXBA1
2020-06-09T18:00:00.000000Z,AXBA1
2020-06-09T20:00:00.000000Z,AXBA1
2020-06-09T22:00:00.000000Z,AXBA1
2020-06-10T00:00:00.000000Z,AXBA1
2020-06-10T02:00:00.000000Z,AXBA1
2020-06-10T04:00:00.000000Z,AXBA1
2020-06-10T06:00:00.000000Z,AXBA1
2020-06-10T08:00:00.000000Z,AXBA1
2020-06-10T10:00:00.000000Z,AXBA1
2020-06-10T12:00:00.000000Z,AXBA1
2020-06-10T14:00:00.000000Z,AXBA1
2020-06-10T16:00:00.000000Z,AXBA1
2020-06-10T18:00:00.000000Z,AXBA1
2020-06-10T20:00:00.000000Z,AXBA1
2020-06-10T22:00:00.000000Z,AXBA1
2020-06-11T00:00:00.000000Z,AXBA1
2020-06-11T02:00:00.000000Z,AXBA1
2020-06-11T04:00:00.000000Z,AXBA1
2020-06-11T06:00:00.000000Z,AXBA1
2020-06-11T08:00:00.000000Z,AXBA1
2020-06-11T10:00:00.000000Z,AXBA1
2020-06-11T12:00:00.000000Z,AXBA1
2020-06-11T14:00:00.000000Z,AXBA1
2020-06-11T16:00:00.000000Z,AXBA1
2020-06-11T18:00:00.000000Z,AXBA1
2020-06-11T20:00:00.000000Z,AXBA1
2020-06-11T22:00:00.000000Z,AXBA1
2020-06-12T00:00:00.000000Z,AXBA1
2020-06-12T02:00:00.000000Z,AXBA1
2020-06-12T04:00:00.000000Z,AXBA1
2020-06-12T06:00:00.000000Z,AXBA1
2020-06-12T08:00:00.000000Z,AXBA1
2020-06-12T10:00:00.000000Z,AXBA1
2020-06-12T12:00:00.000000Z,AXBA1
2020-06-12T14:00:00.000000Z,AXBA1
2020-06-12T16:00:00.000000Z,AXBA1
2020-06-12T18:00:00.000000Z,AXBA1
2020-06-12T20:00:00.000000Z,AXBA1
2020-06-12T22:00:00.000000Z,AXBA1
2020-06-13T00:00:00.000000Z,AXBA1
2020-06-13T02:00:00.000000Z,AXBA1
2020-06-13T04:00:00.000000Z,AXBA1
2020-06-13T06:00:00.000000Z,AXBA1
2020-06-13T08:00:00.000000Z,AXBA1
2020-06-13T10:00:00.000000Z,AXBA1
2020-06-13T12:00:00.000000Z,AXBA1
2020-06-13T14:00:00.000000Z,AXBA1
2020-06-13T16:00:00.000000Z,AXBA1
2020-06-13T18:00:00.000000Z,AXBA1
2020-06-13T20:00:00.000000Z,AXBA1
2020-06-13T22:00:00.000000Z,AXBA1
2020-06-14T00:00:00.000000Z,AXBA1
2020-06-14T02:00:00.000000Z,AXBA1
2020-06-14T04:00:00.000000Z,AXBA1
2020-06-14T06:00:00.000000Z,AXBA1
2020-06-14T08:00:00.000000Z,AXBA1
2020-06-14T10:00:00.000000Z,AXBA1
2020-06-14T12:00:00.000000Z,AXBA1
2020-06-14T14:00:00.000000Z,AXBA1
2020-06-14T16:00:00.000000Z,AXBA1
2020-06-14T18:00:00.000000Z,AXBA1
2020-06-14T20:00:00.000000Z,AXBA1
2020-06-14T22:00:00.000000Z,AXBA1
2020-06-15T00:00:00.000000Z,AXBA1
2020-06-15T02:00:00.000000Z,AXBA1
2020-06-15T04:00:00.000000Z,AXBA1
2020-06-15T06:00:00.000000Z,AXBA1
2020-06-15T08:00:00.000000Z,AXBA1
2020-06-15T10:00:00.000000Z,AXBA1
2020-06-15T12:00:00.000000Z,AXBA1
2020-06-15T14:00:00.000000Z,AXBA1
2020-06-15T16:00:00.000000Z,AXBA1
2020-06-15T18:00:00.000000Z,AXBA1
2020-06-15T20:00:00.000000Z,AXBA1
2020-06-15T22:00:00.000000Z,AXBA1
2020-06-16T00:00:00.000000Z,AXBA1
2020-06-16T02:00:00.000000Z,AXBA1
2020-06-16T04:00:00.000000Z,AXBA1
2020-06-16T06:00:00.000000Z,AXBA1
2020-06-16T08:00:00.000000Z,AXBA1
2020-06-16T10:00:00.000000Z,AXBA1
2020-06-16T12:00:00.000000Z,AXBA1
2020-06-16T14:00:00.000000Z,AXBA1
2020-06-16T16:00:00.000000Z,AXBA1
2020-06-16T18:00:00.000000Z,AXBA1
2020-06-16T20:00:00.000000Z,AXBA1
2020-06-16T22:00:00.000000Z,AXBA1
2020-06-17T00:00:00.000000Z,AXBA1
2020-06-17T02:00:00.000000Z,AXBA1
2020-06-17T04:00:00.000000Z,AXBA1
2020-06-17T06:00:00.000000Z,AXBA1
2020-06-17T08:00:00.000000Z,AXBA1
2020-06-17T10:00:00.000000Z,AXBA1
2020-06-17T12:00:00.000000Z,AXBA1
2020-06-17T14:00:00.000000Z,AXBA1
2020-06-17T16:00:00.000000Z,AXBA1
2020-06-17T18:00:00.000000Z,AXBA1
2020-06-17T20:00:00.000000Z,AXBA1
2020-06-17T22:00:00.000000Z,AXBA1
2020-06-18T00:00:00.000000Z,AXBA1
2020-06-18T02:00:00.000000Z,AXBA1
2020-06-18T04:00:00.000000Z,AXBA1
2020-06-18T06:00:00.000000Z,AXBA1
2020-06-18T08:00:00.000000Z,AXBA1
2020-06-18T10:00:00.000000Z,AXBA1
2020-06-18T12:00:00.000000Z,AXBA1
2020-06-18T14:00:00.000000Z,AXBA1
2020-06-18T16:00:00.000000Z,AXBA1
2020-06-18T18:00:00.000000Z,AXBA1
2020-06-18T20:00:00.000000Z,AXBA1
2020-06-18T22:00:00.000000Z,AXBA1
2020-06-19T00:00:00.000000Z,AXBA1
2020-06-19T02:00:00.000000Z,AXBA1
2020-06-19T04:00:00.000000Z,AXBA1
2020-06-19T06:00:00.000000Z,AXBA1
2020-06-19T08:00:00.000000Z,AXBA1
2020-06-19T10:00:00.000000Z,AXBA1
2020-06-19T12:00:00.000000Z,AXBA1
2020-06-19T14:00:00.000000Z,AXBA1
2020-06-19T16:00:00.000000Z,AXBA1
2020-06-19T18:00:00.000000Z,AXBA1
2020-06-19T20:00:00.000000Z,AXBA1
2020-06-19T22:00:00.000000Z,AXBA1
2020-06-20T00:00:00.000000Z,AXBA1
2020-06-20T02:00:00.000000Z,AXBA1
2020-06-20T04:00:00.000000Z,AXBA1
2020-06-20T06:00:00.000000Z,AXBA1
2020-06-20T08:00:00.000000Z,AXBA1
2020-06-20T10:00:00.000000Z,AXBA1
2020-06-20T12:00:00.000000Z,AXBA1
2020-06-20T14:00:00.000000Z,AXBA1
2020-06-20T16:00:00.000000Z,AXBA1
2020-06-20T18:00:00.000000Z,AXBA1
2020-06-20T20:00:00.000000Z,AXBA1
2020-06-20T22:00:00.000000Z,AXBA1
2020-06-21T00:00:00.000000Z,AXBA1
2020-06-21T02:00:00.000000Z,AXBA1
2020-06-21T04:00:00.000000Z,AXBA1
2020-06-21T06:00:00.000000Z,AXBA1
2020-06-21T08:00:00.000000Z,AXBA1
2020-06-21T10:00:00.000000Z,AXBA1
2020-06-21T12:00:00.000000Z,AXBA1
2020-06-21T14:00:00.000000Z,AXBA1
2020-06-21T16:00:00.000000Z,AXBA1
2020-06-21T18:00:00.000000Z,AXBA1
2020-06-21T20:00:00.000000Z,AXBA1
2020-06-21T22:00:00.000000Z,AXBA1
2020-06-22T00:00:00.000000Z,AXBA1
2020-06-22T02:00:00.000000Z,AXBA1
2020-06-22T04:00:00.000000Z,AXBA1
2020-06-22T06:00:00.000000Z,AXBA1
2020-06-22T08:00:00.000000Z,AXBA1
2020-06-22T10:00:00.000000Z,AXBA1
2020-06-22T12:00:00.000000Z,AXBA1
2020-06-22T14:00:00.000000Z,AXBA1
2020-06-22T16:00:00.000000Z,AXBA1
2020-06-22T18:00:00.000000Z,AXBA1
2020-06-22T20:00:00.000000Z,AXBA1
2020-06-22T22:00:00.000000Z,AXBA1
2020-06-23T00:00:00.000000Z,AXBA1
2020-06-23T02:00:00.000000Z,AXBA1
2020-06-23T04:00:00.000000Z,AXBA1
2020-06-23T06:00:00.000000Z,AXBA1
2020-06-23T08:00:00.000000Z,AXBA1
2020-06-23T10:00:00.000000Z,AXBA1
2020-06-23T12:00:00.000000Z,AXBA1
2020-06-23T14:00:00.000000Z,AXBA1
2020-06-23T16:00:00.000000Z,AXBA1
2020-06-23T18:00:00.000000Z,AXBA1
2020-06-23T20:00:00.000000Z,AXBA1
2020-06-23T22:00:00.000000Z,AXBA1
2020-06-24T00:00:00.000000Z,AXBA1
2020-06-24T02:00:00.000000Z,AXBA1
2020-06-24T04:00:00.000000Z,AXBA1
2020-06-24T06:00:00.000000Z,AXBA1
2020-06-24T08:00:00.000000Z,AXBA1
2020-06-24T10:00:00.000000Z,AXBA1
2020-06-24T12:00:00.000000Z,AXBA1
2020-06-24T14:00:00.000000Z,AXBA1
2020-06-24T16:00:00.000000Z,AXBA1
2020-06-24T18:00:00.000000Z,AXBA1
2020-06-24T20:00:00.000000Z,AXBA1
2020-06-24T22:00:00.000000Z,AXBA1
2020-06-25T00:00:00.000000Z,AXBA1
2020-06-25T02:00:00.000000Z,AXBA1
2020-06-25T04:00:00.000000Z,AXBA1
2020-06-25T06:00:00.000000Z,AXBA1
2020-06-25T08:00:00.000000Z,AXBA1
2020-06-25T10:00:00.000000Z,AXBA1
2020-06-25T12:00:00.000000Z,AXBA1
2020-06-25T14:00:00.000000Z,AXBA1
2020-06-25T16:00:00.000000Z,AXBA1
2020-06-25T18:00:00.000000Z,AXBA1
2020-06-25T20:00:00.000000Z,AXBA1
2020-06-25T22:00:00.000000Z,AXBA1
2020-06-26T00:00:00.000000Z,AXBA1
2020-06-26T02:00:00.000000Z,AXBA1
2020-06-26T04:00:00.000000Z,AXBA1
2020-06-26T06:00:00.000000Z,AXBA1
2020-06-26T08:00:00.000000Z,AXBA1
2020-06-26T10:00:00.000000Z,AXBA1
2020-06-26T12:00:00.000000Z,AXBA1
2020-06-26T14:00:00.000000Z,AXBA1
2020-06-26T16:00:00.000000Z,AXBA1
2020-06-26T18:00:00.000000Z,AXBA1
2020-06-26T20:00:00.000000Z,AXBA1
2020-06-26T22:00:00.000000Z,AXBA1
2020-06-27T00:00:00.000000Z,AXBA1
2020-06-27T02:00:00.000000Z,AXBA1
2020-06-27T04:00:00.000000Z,AXBA1
2020-06-27T06:00:00.000000Z,AXBA1
2020-06-27T08:00:00.000000Z,AXBA1
2020-06-27T10:00:00.000000Z,AXBA1
2020-06-27T12:00:00.000000Z,AXBA1
2020-06-27T14:00:00.000000Z,AXBA1
2020-06-27T16:00:00.000000Z,AXBA1
2020-06-27T18:00:00.000000Z,AXBA1
2020-06-27T20:00:00.000000Z,AXBA1
2020-06-27T22:00:00.000000Z,AXBA1
2020-06-28T00:00:00.000000Z,AXBA1
2020-06-28T02:00:00.000000Z,AXBA1
2020-06-28T04:00:00.000000Z,AXBA1
2020-06-28T06:00:00.000000Z,AXBA1
2020-06-28T08:00:00.000000Z,AXBA1
2020-06-28T10:00:00.000000Z,AXBA1
2020-06-28T12:00:00.000000Z,AXBA1
2020-06-28T14:00:00.000000Z,AXBA1
2020-06-28T16:00:00.000000Z,AXBA1
2020-06-28T18:00:00.000000Z,AXBA1
2020-06-28T20:00:00.000000Z,AXBA1
2020-06-28T22:00:00.000000Z,AXBA1
2020-06-29T00:00:00.000000Z,AXBA1
2020-06-29T02:00:00.000000Z,AXBA1
2020-06-29T04:00:00.000000Z,AXBA1
2020-06-29T06:00:00.000000Z,AXBA1
2020-06-29T08:00:00.000000Z,AXBA1
2020-06-29T10:00:00.000000Z,AXBA1
2020-06-29T12:00:00.000000Z,AXBA1
2020-06-29T14:00:00.000000Z,AXBA1
2020-06-29T16:00:00.000000Z,AXBA1
2020-06-29T18:00:00.000000Z,AXBA1
2020-06-29T20:00:00.000000Z,AXBA1
2020-06-29T22:00:00.000000Z,AXBA1
2020-06-30T00:00:00.000000Z,AXBA1
2020-06-30T02:00:00.000000Z,AXBA1
2020-06-30T04:00:00.000000Z,AXBA1
2020-06-30T06:00:00.000000Z,AXBA1
2020-06-30T08:00:00.000000Z,AXBA1
2020-06-30T10:00:00.000000Z,AXBA1
2020-06-30T12:00:00.000000Z,AXBA1
2020-06-30T14:00:00.000000Z,AXBA1
2020-06-30T16:00:00.000000Z,AXBA1
2020-06-30T18:00:00.000000Z,AXBA1
2020-06-30T20:00:00.000000Z,AXBA1
2020-06-30T22:00:00.000000Z,AXBA1
2019-10-14T08:00:00.000000Z,AXBA1
2019-10-14T10:00:00.000000Z,AXBA1
2019-10-14T12:00:00.000000Z,AXBA1
2019-10-14T14:00:00.000000Z,AXBA1
2019-10-14T16:00:00.000000Z,AXBA1
2019-10-14T18:00:00.000000Z,AXBA1
2019-10-14T20:00:00.000000Z,AXBA1
2019-10-14T22:00:00.000000Z,AXBA1
2019-10-15T00:00:00.000000Z,AXBA1
2019-10-15T02:00:00.000000Z,AXBA1
2019-10-15T04:00:00.000000Z,AXBA1
2019-10-15T06:00:00.000000Z,AXBA1
2019-10-15T08:00:00.000000Z,AXBA1
2019-10-15T10:00:00.000000Z,AXBA1
2019-10-15T12:00:00.000000Z,AXBA1
2019-10-15T14:00:00.000000Z,AXBA1
2019-10-15T16:00:00.000000Z,AXBA1
2019-10-15T18:00:00.000000Z,AXBA1
2019-10-15T20:00:00.000000Z,AXBA1
2019-10-15T22:00:00.000000Z,AXBA1
2019-10-16T00:00:00.000000Z,AXBA1
2019-10-16T02:00:00.000000Z,AXBA1
2019-10-16T04:00:00.000000Z,AXBA1
2019-10-16T06:00:00.000000Z,AXBA1
2019-10-16T08:00:00.000000Z,AXBA1
2019-10-16T10:00:00.000000Z,AXBA1
2019-10-16T12:00:00.000000Z,AXBA1
2019-10-16T14:00:00.000000Z,AXBA1
2019-10-16T16:00:00.000000Z,AXBA1
2019-10-16T18:00:00.000000Z,AXBA1
2019-10-16T20:00:00.000000Z,AXBA1
2019-10-16T22:00:00.000000Z,AXBA1
2019-10-17T00:00:00.000000Z,AXBA1
2019-10-17T02:00:00.000000Z,AXBA1
2019-10-17T04:00:00.000000Z,AXBA1
2019-10-17T06:00:00.000000Z,AXBA1
2019-10-17T08:00:00.000000Z,AXBA1
2019-10-17T10:00:00.000000Z,AXBA1
2019-10-17T12:00:00.000000Z,AXBA1
2019-10-17T14:00:00.000000Z,AXBA1
2019-10-17T16:00:00.000000Z,AXBA1
2019-10-17T18:00:00.000000Z,AXBA1
2019-10-17T20:00:00.000000Z,AXBA1
2019-10-17T22:00:00.000000Z,AXBA1
2019-10-18T00:00:00.000000Z,AXBA1
2019-10-18T02:00:00.000000Z,AXBA1
2019-10-18T04:00:00.000000Z,AXBA1
2019-10-18T06:00:00.000000Z,AXBA1
2019-10-18T08:00:00.000000Z,AXBA1
2019-10-18T10:00:00.000000Z,AXBA1
2019-10-18T12:00:00.000000Z,AXBA1
2019-10-18T14:00:00.000000Z,AXBA1
2019-10-18T16:00:00.000000Z,AXBA1
2019-10-18T18:00:00.000000Z,AXBA1
2019-10-18T20:00:00.000000Z,AXBA1
2019-10-18T22:00:00.000000Z,AXBA1
2019-10-19T00:00:00.000000Z,AXBA1
2019-10-19T02:00:00.000000Z,AXBA1
2019-10-19T04:00:00.000000Z,AXBA1
2019-10-19T06:00:00.000000Z,AXBA1
2019-10-19T08:00:00.000000Z,AXBA1
2019-10-19T10:00:00.000000Z,AXBA1
2019-10-19T12:00:00.000000Z,AXBA1
2019-10-19T14:00:00.000000Z,AXBA1
2019-10-19T16:00:00.000000Z,AXBA1
2019-10-19T18:00:00.000000Z,AXBA1
2019-10-19T20:00:00.000000Z,AXBA1
2019-10-19T22:00:00.000000Z,AXBA1
2019-10-20T00:00:00.000000Z,AXBA1
2019-10-20T02:00:00.000000Z,AXBA1
2019-10-20T04:00:00.000000Z,AXBA1
2019-10-20T06:00:00.000000Z,AXBA1
2019-10-20T08:00:00.000000Z,AXBA1
2019-10-20T10:00:00.000000Z,AXBA1
2019-10-20T12:00:00.000000Z,AXBA1
2019-10-20T14:00:00.000000Z,AXBA1
2019-10-20T16:00:00.000000Z,AXBA1
2019-10-20T18:00:00.000000Z,AXBA1
2019-10-20T20:00:00.000000Z,AXBA1
2019-10-20T22:00:00.000000Z,AXBA1
2019-10-21T00:00:00.000000Z,AXBA1
2019-10-21T02:00:00.000000Z,AXBA1
2019-10-21T04:00:00.000000Z,AXBA1
2019-10-21T06:00:00.000000Z,AXBA1
2019-10-21T08:00:00.000000Z,AXBA1
2019-10-21T10:00:00.000000Z,AXBA1
2019-10-21T12:00:00.000000Z,AXBA1
2019-10-21T14:00:00.000000Z,AXBA1
2019-10-21T16:00:00.000000Z,AXBA1
2019-10-21T18:00:00.000000Z,AXBA1
2019-10-21T20:00:00.000000Z,AXBA1
2019-10-21T22:00:00.000000Z,AXBA1
2019-10-22T00:00:00.000000Z,AXBA1
2019-10-22T02:00:00.000000Z,AXBA1
2019-10-22T04:00:00.000000Z,AXBA1
2019-10-22T06:00:00.000000Z,AXBA1
2019-10-22T08:00:00.000000Z,AXBA1
2019-10-22T10:00:00.000000Z,AXBA1
2019-10-22T12:00:00.000000Z,AXBA1
2019-10-22T14:00:00.000000Z,AXBA1
2019-10-22T16:00:00.000000Z,AXBA1
2019-10-22T18:00:00.000000Z,AXBA1
2019-10-22T20:00:00.000000Z,AXBA1
2019-10-22T22:00:00.000000Z,AXBA1
2019-10-23T00:00:00.000000Z,AXBA1
2019-10-23T02:00:00.000000Z,AXBA1
2019-10-23T04:00:00.000000Z,AXBA1
2019-10-23T06:00:00.000000Z,AXBA1
2019-10-23T08:00:00.000000Z,AXBA1
2019-10-23T10:00:00.000000Z,AXBA1
2019-10-23T12:00:00.000000Z,AXBA1
2019-10-23T14:00:00.000000Z,AXBA1
2019-10-23T16:00:00.000000Z,AXBA1
2019-10-23T18:00:00.000000Z,AXBA1
2019-10-23T20:00:00.000000Z,AXBA1
2019-10-23T22:00:00.000000Z,AXBA1
2019-10-24T00:00:00.000000Z,AXBA1
2019-10-24T02:00:00.000000Z,AXBA1
2019-10-24T04:00:00.000000Z,AXBA1
2019-10-24T06:00:00.000000Z,AXBA1
2019-10-24T08:00:00.000000Z,AXBA1
2019-10-24T10:00:00.000000Z,AXBA1
2019-10-24T12:00:00.000000Z,AXBA1
2019-10-24T14:00:00.000000Z,AXBA1
2019-10-24T16:00:00.000000Z,AXBA1
2019-10-24T18:00:00.000000Z,AXBA1
2019-10-24T20:00:00.000000Z,AXBA1
2019-10-24T22:00:00.000000Z,AXBA1
2019-10-25T00:00:00.000000Z,AXBA1
2019-10-25T02:00:00.000000Z,AXBA1
2019-10-25T04:00:00.000000Z,AXBA1
2019-10-25T06:00:00.000000Z,AXBA1
2019-10-25T08:00:00.000000Z,AXBA1
2019-10-25T10:00:00.000000Z,AXBA1
2019-10-25T12:00:00.000000Z,AXBA1
2019-10-25T14:00:00.000000Z,AXBA1
2019-10-25T16:00:00.000000Z,AXBA1
2019-10-25T18:00:00.000000Z,AXBA1
2019-10-25T20:00:00.000000Z,AXBA1
2019-10-25T22:00:00.000000Z,AXBA1
2019-10-26T00:00:00.000000Z,AXBA1
2019-10-26T02:00:00.000000Z,AXBA1
2019-10-26T04:00:00.000000Z,AXBA1
2019-10-26T06:00:00.000000Z,AXBA1
2019-10-26T08:00:00.000000Z,AXBA1
2019-10-26T10:00:00.000000Z,AXBA1
2019-10-26T12:00:00.000000Z,AXBA1
2019-10-26T14:00:00.000000Z,AXBA1
2019-10-26T16:00:00.000000Z,AXBA1
2019-10-26T18:00:00.000000Z,AXBA1
2019-10-26T20:00:00.000000Z,AXBA1
2019-10-26T22:00:00.000000Z,AXBA1
2019-10-27T00:00:00.000000Z,AXBA1
2019-10-27T02:00:00.000000Z,AXBA1
2019-10-27T04:00:00.000000Z,AXBA1
2019-10-27T06:00:00.000000Z,AXBA1
2019-10-27T08:00:00.000000Z,AXBA1
2019-10-27T10:00:00.000000Z,AXBA1
2019-10-27T12:00:00.000000Z,AXBA1
2019-10-27T14:00:00.000000Z,AXBA1
2019-10-27T16:00:00.000000Z,AXBA1
2019-10-27T18:00:00.000000Z,AXBA1
2019-10-27T20:00:00.000000Z,AXBA1
2019-10-27T22:00:00.000000Z,AXBA1
2019-10-28T00:00:00.000000Z,AXBA1
2019-10-28T02:00:00.000000Z,AXBA1
2019-10-28T04:00:00.000000Z,AXBA1
2019-10-28T06:00:00.000000Z,AXBA1
2019-10-28T08:00:00.000000Z,AXBA1
2019-10-28T10:00:00.000000Z,AXBA1
2019-10-28T12:00:00.000000Z,AXBA1
2019-10-28T14:00:00.000000Z,AXBA1
2019-10-28T16:00:00.000000Z,AXBA1
2019-10-28T18:00:00.000000Z,AXBA1
2019-10-28T20:00:00.000000Z,AXBA1
2019-10-28T22:00:00.000000Z,AXBA1
2019-10-29T00:00:00.000000Z,AXBA1
2019-10-29T02:00:00.000000Z,AXBA1
2019-10-29T04:00:00.000000Z,AXBA1
2019-10-29T06:00:00.000000Z,AXBA1
2019-10-29T08:00:00.000000Z,AXBA1
2019-10-29T10:00:00.000000Z,AXBA1
2019-10-29T12:00:00.000000Z,AXBA1
2019-10-29T14:00:00.000000Z,AXBA1
2019-10-29T16:00:00.000000Z,AXBA1
2019-10-29T18:00:00.000000Z,AXBA1
2019-10-29T20:00:00.000000Z,AXBA1
2019-10-29T22:00:00.000000Z,AXBA1
2019-10-30T00:00:00.000000Z,AXBA1
2019-10-30T02:00:00.000000Z,AXBA1
2019-10-30T04:00:00.000000Z,AXBA1
2019-10-30T06:00:00.000000Z,AXBA1
2019-10-30T08:00:00.000000Z,AXBA1
2019-10-30T10:00:00.000000Z,AXBA1
2019-10-30T12:00:00.000000Z,AXBA1
2019-10-30T14:00:00.000000Z,AXBA1
2019-10-30T16:00:00.000000Z,AXBA1
2019-10-30T18:00:00.000000Z,AXBA1
2019-10-30T20:00:00.000000Z,AXBA1
2019-10-30T22:00:00.000000Z,AXBA1
2019-10-31T00:00:00.000000Z,AXBA1
2019-10-31T02:00:00.000000Z,AXBA1
2019-10-31T04:00:00.000000Z,AXBA1
2019-10-31T06:00:00.000000Z,AXBA1
2019-10-31T08:00:00.000000Z,AXBA1
2019-10-31T10:00:00.000000Z,AXBA1
2019-10-31T12:00:00.000000Z,AXBA1
2019-10-31T14:00:00.000000Z,AXBA1
2019-10-31T16:00:00.000000Z,AXBA1
2019-10-31T18:00:00.000000Z,AXBA1
2019-10-31T20:00:00.000000Z,AXBA1
2019-10-31T22:00:00.000000Z,AXBA1
